,Title,ProdLink,TotalReviews,CouponPrice,PercentReduction
51,"TEMI 8 Channels 2.4G Remote Control Dinosaur Toys for Kids 3-5, Boys Girls 4-7 Years, Electric RC Toys Walking T- Rex with Lights and Sounds Powered by Rechargeable Battery, 360° Rotation Stunt",https://www.amazon.com/TEMI-Electronic-Educational-Tyrannosaurus-Rechargeable/dp/B07DGTSQ21/ref=sr_1_46?crid=23X2CHTW4649I&keywords=toys&qid=1651201775&refinements=p_72%3A1248963011&rnid=1248961011&s=toys-and-games&sprefix=toys%2Caps%2C170&sr=1-46,4809.0,33.99,62.19132369299222
79,"Baby Toys 6 to 12 Months Touch & Go Musical Light Infant Toys, Baby Crawling Toys 6 Month Old Baby Toys 12-18 Months, Tummy Time Toys for 1 Year Old Boy Gifts Girl Toy, Baby Toddler Boy Toys Age 1-2",https://www.amazon.com/Dinosaur-Electronic-Crawling-Development-Educational/dp/B082G4QRKL/ref=sr_1_57?crid=23X2CHTW4649I&keywords=toys&qid=1651201784&refinements=p_72%3A1248963011&rnid=1248961011&s=toys-and-games&sprefix=toys%2Caps%2C170&sr=1-57,2653.0,18.69,58.45743498555235
3,"Jasonwell Splash Pad Sprinkler for Kids 68"" Splash Play Mat Outdoor Water Toys Inflatable Splash Pad Baby Toddler Pool Boys Girls Children Outside Backyard Dog Sprinkler Pool for Age 1 2 3 4 5 6 7 8 9",https://www.amazon.com/Jasonwell-Sprinkle-Sprinkler-Toddlers-Children/dp/B07LG9CGF1/ref=sr_1_4?crid=23X2CHTW4649I&keywords=toys&qid=1651201763&refinements=p_72%3A1248963011&rnid=1248961011&s=toys-and-games&sprefix=toys%2Caps%2C170&sr=1-4,11005.0,17.991,53.85739933316235
10,"HOLA Baby Toys 6 to 12 Months, Baby Rattles Activity Ball, Shaker, Grab and Spin Rattle, Crawling Educational Toys for 3, 6, 9, 12 Months Baby Infant, Boys, Girls",https://www.amazon.com/HOLA-Rattles-Activity-Crawling-Educational/dp/B08KP4JFDM/ref=sr_1_12?crid=23X2CHTW4649I&keywords=toys&qid=1651201763&refinements=p_72%3A1248963011&rnid=1248961011&s=toys-and-games&sprefix=toys%2Caps%2C170&sr=1-12,1035.0,14.2215,52.579193064354776
24,"Bravokids Toys for 3-6 Years Old Girls Boys, LCD Writing Tablet 10 Inch Doodle Board, Electronic Drawing Tablet Drawing Pads, Educational Birthday Gift for 3 4 5 6 7 8 Years Old Kids Toddler (Pink)",https://www.amazon.com/Bravokids-Writing-Electronic-Educational-Birthday/dp/B083BCTLP5/ref=sr_1_26?crid=23X2CHTW4649I&keywords=toys&qid=1651201763&refinements=p_72%3A1248963011&rnid=1248961011&s=toys-and-games&sprefix=toys%2Caps%2C170&sr=1-26,19023.0,14.4837,51.70490163387795
47,"LUKAT Splash Pad for Kids, Inflatable Sprinkler Pad for Toddlers Kiddie Pool, Dolphin Water Play Mat for Outdoor Backyard, Wading Swimming Pool Water Toy Gift for 3 4 5 + Years Old Boys Girls",https://www.amazon.com/gp/slredirect/picassoRedirect.html/ref=pa_sp_mtf_toys-and-games_sr_pg2_1?ie=UTF8&adId=A02496073JTFNO1KR587F&qualifier=1651201775&id=8260669810008671&widgetName=sp_mtf&url=%2FLUKAT-Inflatable-Sprinkler-Toddlers-Swimming%2Fdp%2FB08T5NRV5X%2Fref%3Dsr_1_42_sspa%3Fcrid%3D23X2CHTW4649I%26keywords%3Dtoys%26qid%3D1651201775%26refinements%3Dp_72%253A1248963011%26rnid%3D1248961011%26s%3Dtoys-and-games%26sprefix%3Dtoys%252Caps%252C170%26sr%3D1-42-spons%26psc%3D1,118.0,16.014,51.45801758108518
97,"RenFox Musical Piano Mat, Toddlers Music Floor Keyboard Blanket Dance Mat with 8 Different Animal Sounds, Early Learning Educational Toys Gift for 1 2 3 4 Years Old Baby Boy Girl",https://www.amazon.com/RenFox-Electronic-Different-Education-Batteries/dp/B0863CGZ6Y/ref=sr_1_77?crid=23X2CHTW4649I&keywords=toys&qid=1651201791&refinements=p_72%3A1248963011&rnid=1248961011&s=toys-and-games&sprefix=toys%2Caps%2C170&sr=1-77,3147.0,12.99,50.01923816852635
124,"RenFox Musical Piano Mat, Toddlers Music Floor Keyboard Blanket Dance Mat with 8 Different Animal Sounds, Early Learning Educational Toys Gift for 1 2 3 4 Years Old Baby Boy Girl",https://www.amazon.com/RenFox-Electronic-Different-Education-Batteries/dp/B0863CGZ6Y/ref=sr_1_77?crid=23X2CHTW4649I&keywords=toys&qid=1651201791&refinements=p_72%3A1248963011&rnid=1248961011&s=toys-and-games&sprefix=toys%2Caps%2C170&sr=1-77,3147.0,12.99,50.01923816852635
6,"Toys for 3-8 Year Old Girls,Timer Rotation Star Night Light Projector Kids Twinkle Lights, 2-9 Year Olds Girl Gifts Kawaii Birthday Easter Gifts for Kids,Gift for Teen Toddler Baby Girls",https://www.amazon.com/Projection-Christmas-Birthday-Stocking-Stuffer/dp/B08NJP91NW/ref=sr_1_8?crid=23X2CHTW4649I&keywords=toys&qid=1651201763&refinements=p_72%3A1248963011&rnid=1248961011&s=toys-and-games&sprefix=toys%2Caps%2C170&sr=1-8,3388.0,20.784,48.02700675168793
82,NARRIO Interactive Alphabet Wall Chart for Kids - Best Gifts,https://www.amazon.com/NARRIO-Educational-Interactive-Alphabet-Christmas/dp/B092PSR6ZC/ref=sr_1_60?crid=23X2CHTW4649I&keywords=toys&qid=1651201784&refinements=p_72%3A1248963011&rnid=1248961011&s=toys-and-games&sprefix=toys%2Caps%2C170&sr=1-60,1532.0,13.592,47.70296267795305
63,"Track Car Replacement Only,LED Light Up Dinosaur Cars Compatible with Most Tracks,Dino Cars Accessories for Race Track Sets(2 Pack)",https://www.amazon.com/gp/slredirect/picassoRedirect.html/ref=pa_sp_atf_next_toys-and-games_sr_pg3_1?ie=UTF8&adId=A1015716ML693LU0HCEU&qualifier=1651201784&id=3724238908503868&widgetName=sp_atf_next&url=%2FReplacement-Dinosaur-Compatible-Tracks-accesories%2Fdp%2FB08GS5DR2F%2Fref%3Dsr_1_50_sspa%3Fcrid%3D23X2CHTW4649I%26keywords%3Dtoys%26qid%3D1651201784%26refinements%3Dp_72%253A1248963011%26rnid%3D1248961011%26s%3Dtoys-and-games%26sprefix%3Dtoys%252Caps%252C170%26sr%3D1-50-spons%26psc%3D1,682.0,9.98,47.4460242232754
13,"Hantu LCD Writing Tablet Doodle Board, 10 Inch Electronic Drawing Pad, Toys for Girls and Boys, Gifts for Kids, Writing Pad for Students (Green Handwriting), WNB1016",https://www.amazon.com/gp/slredirect/picassoRedirect.html/ref=pa_sp_mtf_toys-and-games_sr_pg1_1?ie=UTF8&adId=A02717343QEPAAAPWC5P2&url=%2FHantu-Electronic-Students-Handwriting-WNB1016%2Fdp%2FB095VQZY7M%2Fref%3Dsr_1_15_sspa%3Fcrid%3D23X2CHTW4649I%26keywords%3Dtoys%26qid%3D1651201763%26refinements%3Dp_72%253A1248963011%26rnid%3D1248961011%26s%3Dtoys-and-games%26sprefix%3Dtoys%252Caps%252C170%26sr%3D1-15-spons%26psc%3D1&qualifier=1651201763&id=6309865353461707&widgetName=sp_mtf,20.0,10.791,46.01800900450225
137,Splashin'kids Infant Toys Beginner Crawl Along Game Ball Drop Maze Tummy Time Activity Center Early Development Jumbo Roller Rattle Toy Baby Toys for 6 Months 1 2 3 Year olds Watch Video,https://www.amazon.com/Splashinkids-Infant-Beginner-Activity-Development/dp/B07WHJQYMN/ref=sr_1_81?crid=23X2CHTW4649I&keywords=toys&qid=1651201791&refinements=p_72%3A1248963011&rnid=1248961011&s=toys-and-games&sprefix=toys%2Caps%2C170&sr=1-81,4188.0,15.69,45.87788892721628
110,Splashin'kids Infant Toys Beginner Crawl Along Game Ball Drop Maze Tummy Time Activity Center Early Development Jumbo Roller Rattle Toy Baby Toys for 6 Months 1 2 3 Year olds Watch Video,https://www.amazon.com/Splashinkids-Infant-Beginner-Activity-Development/dp/B07WHJQYMN/ref=sr_1_81?crid=23X2CHTW4649I&keywords=toys&qid=1651201791&refinements=p_72%3A1248963011&rnid=1248961011&s=toys-and-games&sprefix=toys%2Caps%2C170&sr=1-81,4188.0,15.69,45.87788892721628
66,Nicmore Toddler Toys Car for Boys: Kids Toys for 1 2 3 4 5 6 Year Old Boys | Boy Toys 5 in 1 Carrier Toy Trucks | Toddler Toys Age 2-4 Baby Toys 12-18 Months Birthday Kids Gift Toddler Toys Age 1-2,https://www.amazon.com/Toys-Toddlers-Friction-Christmas-Festival/dp/B08JQ9K7HS/ref=sr_1_53?crid=23X2CHTW4649I&keywords=toys&qid=1651201784&refinements=p_72%3A1248963011&rnid=1248961011&s=toys-and-games&sprefix=toys%2Caps%2C170&sr=1-53,4192.0,19.5,45.81828285634899
102,"BAODLON Digital Shooting Targets with Foam Dart Toy Gun, Electronic Scoring Auto Reset 4 Targets, Shooting Game Toys Gifts for Age of 5, 6, 7, 8, 9, 10+ Years Old Kids, Boys, Compatible with Nerf Toys",https://www.amazon.com/BAODLON-Digital-Shooting-Targets-Electronic-Targets-Compatible/dp/B087M85B7W/ref=sr_1_73?crid=23X2CHTW4649I&keywords=toys&qid=1651201791&refinements=p_72%3A1248963011&rnid=1248961011&s=toys-and-games&sprefix=toys%2Caps%2C170&sr=1-73,4577.0,29.4405,44.441404038497836
129,"BAODLON Digital Shooting Targets with Foam Dart Toy Gun, Electronic Scoring Auto Reset 4 Targets, Shooting Game Toys Gifts for Age of 5, 6, 7, 8, 9, 10+ Years Old Kids, Boys, Compatible with Nerf Toys",https://www.amazon.com/BAODLON-Digital-Shooting-Targets-Electronic-Targets-Compatible/dp/B087M85B7W/ref=sr_1_73?crid=23X2CHTW4649I&keywords=toys&qid=1651201791&refinements=p_72%3A1248963011&rnid=1248961011&s=toys-and-games&sprefix=toys%2Caps%2C170&sr=1-73,4577.0,29.4405,44.441404038497836
130,"Babies Teethers Toys, 8pcs Babies Grabs Teethers Toys Educational Toys Gifts Sets for 3, 6, 9, 12 Month Newborns Infants",https://www.amazon.com/Babies-Teethers-Educational-Newborns-Infants/dp/B07QG9R5SX/ref=sr_1_74?crid=23X2CHTW4649I&keywords=toys&qid=1651201791&refinements=p_72%3A1248963011&rnid=1248961011&s=toys-and-games&sprefix=toys%2Caps%2C170&sr=1-74,12006.0,18.891,44.405532666274276
103,"Babies Teethers Toys, 8pcs Babies Grabs Teethers Toys Educational Toys Gifts Sets for 3, 6, 9, 12 Month Newborns Infants",https://www.amazon.com/Babies-Teethers-Educational-Newborns-Infants/dp/B07QG9R5SX/ref=sr_1_74?crid=23X2CHTW4649I&keywords=toys&qid=1651201791&refinements=p_72%3A1248963011&rnid=1248961011&s=toys-and-games&sprefix=toys%2Caps%2C170&sr=1-74,12006.0,18.891,44.405532666274276
140,Kaufam Gun Toy Gift for Boys Age of 4 5 6 7 8 9 10 10+ Years Old Kids Girls for Birthday with Moving Shooting Target 2 Blaster Gun and 18 Foam Balls Compatible with Nerf Guns,https://www.amazon.com/Perfect-Birthday-Childrens-Shooting-Compatible/dp/B08HZF6V5X/ref=sr_1_84?crid=23X2CHTW4649I&keywords=toys&qid=1651201791&refinements=p_72%3A1248963011&rnid=1248961011&s=toys-and-games&sprefix=toys%2Caps%2C170&sr=1-84,1642.0,28.481,43.02660532106421
113,Kaufam Gun Toy Gift for Boys Age of 4 5 6 7 8 9 10 10+ Years Old Kids Girls for Birthday with Moving Shooting Target 2 Blaster Gun and 18 Foam Balls Compatible with Nerf Guns,https://www.amazon.com/Perfect-Birthday-Childrens-Shooting-Compatible/dp/B08HZF6V5X/ref=sr_1_84?crid=23X2CHTW4649I&keywords=toys&qid=1651201791&refinements=p_72%3A1248963011&rnid=1248961011&s=toys-and-games&sprefix=toys%2Caps%2C170&sr=1-84,1642.0,28.481,43.02660532106421
94,Dinosaur Toys for 3 4 5 6 7 Year Old Boys: Take Apart Dinosaur Toys for Kids 3-5| STEM Learning Educational Building Construction Toys with Electric Drill| Easter Toys for Easter Basket Stuffer,https://www.amazon.com/gp/slredirect/picassoRedirect.html/ref=pa_sp_atf_next_toys-and-games_sr_pg4_1?ie=UTF8&adId=A0649985216AWL3MNFWNV&url=%2FDinosaur-Toys-Year-Old-Boys%2Fdp%2FB091PV6HZ6%2Fref%3Dsr_1_74_sspa%3Fcrid%3D23X2CHTW4649I%26keywords%3Dtoys%26qid%3D1651201791%26refinements%3Dp_72%253A1248963011%26rnid%3D1248961011%26s%3Dtoys-and-games%26sprefix%3Dtoys%252Caps%252C170%26sr%3D1-74-spons%26psc%3D1&qualifier=1651201791&id=7363364017280731&widgetName=sp_atf_next,12.0,14.99,42.32397075798384
121,Dinosaur Toys for 3 4 5 6 7 Year Old Boys: Take Apart Dinosaur Toys for Kids 3-5| STEM Learning Educational Building Construction Toys with Electric Drill| Easter Toys for Easter Basket Stuffer,https://www.amazon.com/gp/slredirect/picassoRedirect.html/ref=pa_sp_atf_next_toys-and-games_sr_pg4_1?ie=UTF8&adId=A0649985216AWL3MNFWNV&url=%2FDinosaur-Toys-Year-Old-Boys%2Fdp%2FB091PV6HZ6%2Fref%3Dsr_1_74_sspa%3Fcrid%3D23X2CHTW4649I%26keywords%3Dtoys%26qid%3D1651201791%26refinements%3Dp_72%253A1248963011%26rnid%3D1248961011%26s%3Dtoys-and-games%26sprefix%3Dtoys%252Caps%252C170%26sr%3D1-74-spons%26psc%3D1&qualifier=1651201791&id=7363364017280731&widgetName=sp_atf_next,12.0,14.99,42.32397075798384
4,Magnetic Tiles Toys for 3 4 5 6 7 8+ Year Old Boys Girls Upgrade Macaron Castle Magnetic Blocks Building Set for Toddlers STEM Creativity/Educational Toys for Kids Age 3-6 Christmas Birthday Gifts,https://www.amazon.com/Magnetic-Building-Creativity-Educational-Christmas/dp/B09J4QSCGP/ref=sr_1_5?crid=23X2CHTW4649I&keywords=toys&qid=1651201763&refinements=p_72%3A1248963011&rnid=1248961011&s=toys-and-games&sprefix=toys%2Caps%2C170&sr=1-5,1991.0,20.776,42.27285357043623
30,54PCS Magnetic Tiles Toddler Toys for 3 4 5 6 Year Old Boys Girls Upgraded Magnetic Blocks Building Toys STEM Learning by Playing Set Montessori Educational Toys for Kids,https://www.amazon.com/gp/slredirect/picassoRedirect.html/ref=pa_sp_btf_toys-and-games_sr_pg1_1?ie=UTF8&adId=A07802392F858MKJORFDU&url=%2FMagnetic-Building-Educational-Toddlers-Christmas%2Fdp%2FB09GJRN121%2Fref%3Dsr_1_32_sspa%3Fcrid%3D23X2CHTW4649I%26keywords%3Dtoys%26qid%3D1651201763%26refinements%3Dp_72%253A1248963011%26rnid%3D1248961011%26s%3Dtoys-and-games%26sprefix%3Dtoys%252Caps%252C170%26sr%3D1-32-spons%26psc%3D1&qualifier=1651201763&id=6309865353461707&widgetName=sp_btf,108.0,22.392,41.0581732034746
115,ECTY Unicorn Gifts Lamps Night Lights for Kids Night Light with Remote & Smart Touch 7 Colors + 16 Colors Changing Dimmable Unicorn Toys 3 4 5 6 7 8 9 Year Old Girl Gifts (Unicorn Pegasus),https://www.amazon.com/LONGXU-Unicorn-Changing-Dimmable-Pegasus/dp/B085TPSSMG/ref=sr_1_86?crid=23X2CHTW4649I&keywords=toys&qid=1651201791&refinements=p_72%3A1248963011&rnid=1248961011&s=toys-and-games&sprefix=toys%2Caps%2C170&sr=1-86,2089.0,15.99,40.75583549462763
142,ECTY Unicorn Gifts Lamps Night Lights for Kids Night Light with Remote & Smart Touch 7 Colors + 16 Colors Changing Dimmable Unicorn Toys 3 4 5 6 7 8 9 Year Old Girl Gifts (Unicorn Pegasus),https://www.amazon.com/LONGXU-Unicorn-Changing-Dimmable-Pegasus/dp/B085TPSSMG/ref=sr_1_86?crid=23X2CHTW4649I&keywords=toys&qid=1651201791&refinements=p_72%3A1248963011&rnid=1248961011&s=toys-and-games&sprefix=toys%2Caps%2C170&sr=1-86,2089.0,15.99,40.75583549462763
14,"JODUDLR Toddler Toys for 3-4 Year Old Boys,Large Transport Cars Carrier Set Truck Toys with 12 Die-cast Vehicles Truck Toys Cars,Ideal Gift Toys for Kids Age 3-7",https://www.amazon.com/Toddler-Transport-Carrier-Die-cast-Vehicles/dp/B08RN9G31T/ref=sr_1_16?crid=23X2CHTW4649I&keywords=toys&qid=1651201763&refinements=p_72%3A1248963011&rnid=1248961011&s=toys-and-games&sprefix=toys%2Caps%2C170&sr=1-16,1312.0,24.291,40.739204684069286
40,FunzBo Snap Pop Beads for Girls Toys - Kids Jewelry Making Kit Pop-Bead Art and Craft Kits DIY Bracelets Necklace Hairband and Rings Toy for Age 3 4 5 6 7 8 Year Old Girl Christmas Gifts (Large),https://www.amazon.com/FunzBo-Snap-Beads-Girls-Toys/dp/B07TFTGSR8/ref=sr_1_35?crid=23X2CHTW4649I&keywords=toys&qid=1651201775&refinements=p_72%3A1248963011&rnid=1248961011&s=toys-and-games&sprefix=toys%2Caps%2C170&sr=1-35,9637.0,17.98,40.0266844563042
64,"Remote Control Car for Kids, Double Sided Fast and 360 Flips RC Cars, RC Stunt Car with Strong 4WD Off-Road, LED and Music with 2 Rechargeable Batteries Toy Car Gift for Boys Girls",https://www.amazon.com/gp/slredirect/picassoRedirect.html/ref=pa_sp_atf_next_toys-and-games_sr_pg3_1?ie=UTF8&adId=A07562479RBX90PRRATI&qualifier=1651201784&id=3724238908503868&widgetName=sp_atf_next&url=%2FRemote-Control-Off-Road-Rechargeable-Batteries%2Fdp%2FB09C7KPRWQ%2Fref%3Dsr_1_51_sspa%3Fcrid%3D23X2CHTW4649I%26keywords%3Dtoys%26qid%3D1651201784%26refinements%3Dp_72%253A1248963011%26rnid%3D1248961011%26s%3Dtoys-and-games%26sprefix%3Dtoys%252Caps%252C170%26sr%3D1-51-spons%26psc%3D1,88.0,19.791,40.0090936647469
49,Nicmore Kids Toys Car for Boys: Boy Toy Trucks for 1 2 3 4 5 6 Year Old Boys Girls | Toddler Toys 5 in 1 Carrier Vehicle Construction Toys for Kids Age 2-4 3-5 4-7 | Birthday Party Boy Gifts for Kids,https://www.amazon.com/Toys-Friction-Construction-Car-Christmas/dp/B08JQCDG3N/ref=sr_1_44?crid=23X2CHTW4649I&keywords=toys&qid=1651201775&refinements=p_72%3A1248963011&rnid=1248961011&s=toys-and-games&sprefix=toys%2Caps%2C170&sr=1-44,3382.0,27.95,39.225918677973475
125,CubicFun Baby Toys 6 to 12 Months Tummy Time Toys Press and Go Baby Toys 12-18 Months Musical Light up Crawling Toys for Babies Infant 6-9-12 Months Baby Girl Boy Gifts 6 7 8 9 10 11 12 Months,https://www.amazon.com/CubicFun-Inchworm-Caterpillar-Crawling-Educational/dp/B082G33BNV/ref=sr_1_79?crid=23X2CHTW4649I&keywords=toys&qid=1651201791&refinements=p_72%3A1248963011&rnid=1248961011&s=toys-and-games&sprefix=toys%2Caps%2C170&sr=1-79,3225.0,18.9905,36.677225741913965
98,CubicFun Baby Toys 6 to 12 Months Tummy Time Toys Press and Go Baby Toys 12-18 Months Musical Light up Crawling Toys for Babies Infant 6-9-12 Months Baby Girl Boy Gifts 6 7 8 9 10 11 12 Months,https://www.amazon.com/CubicFun-Inchworm-Caterpillar-Crawling-Educational/dp/B082G33BNV/ref=sr_1_79?crid=23X2CHTW4649I&keywords=toys&qid=1651201791&refinements=p_72%3A1248963011&rnid=1248961011&s=toys-and-games&sprefix=toys%2Caps%2C170&sr=1-79,3225.0,18.9905,36.677225741913965
28,"Click N' Play Purse Toy for Girls 2-3 Years Old, Handbag with 8 Pieces including Makeup, Smartphone, Wallet, Keys, Credit Card , Pink",https://www.amazon.com/Click-Play-Including-Smartphone-Lipstick/dp/B079HBCLHG/ref=sr_1_30?crid=23X2CHTW4649I&keywords=toys&qid=1651201763&refinements=p_72%3A1248963011&rnid=1248961011&s=toys-and-games&sprefix=toys%2Caps%2C170&sr=1-30,18869.0,15.97,36.12
69,Baby Toys 0-6 Months Infant Toys Teething Toys for Babies 0-6-12 Months 10PCS Baby Toys 6 to 12 Months 6 Month Old Baby Toys 0-3-6-12-18 Months Baby Teething Toys Newborn Toy Baby Boy Girl Gifts,https://www.amazon.com/Months-Infant-Teething-0-3-6-12-18-Newborn/dp/B088FGHDQ8/ref=sr_1_57?crid=23X2CHTW4649I&keywords=toys&qid=1651201784&refinements=p_72%3A1248963011&rnid=1248961011&s=toys-and-games&sprefix=toys%2Caps%2C170&sr=1-57,4319.0,19.54,34.844948316105366
25,"iHaHa 236 PCS Construction Race Tracks for Kids Boys Toys, 6 PCS Construction Car and Flexible Track Playset Create A Engineering Road Gifts for 3 4 5 6 Year Old Boys Girls Best Toys",https://www.amazon.com/iHaHa-Construction-Flexible-Playset-Engineering/dp/B0836PYXJG/ref=sr_1_27?crid=23X2CHTW4649I&keywords=toys&qid=1651201763&refinements=p_72%3A1248963011&rnid=1248961011&s=toys-and-games&sprefix=toys%2Caps%2C170&sr=1-27,5418.0,16.99,34.62870334744132
22,"iPlay, iLearn 10pcs Baby Rattles Toys Set, Infant Grab N Shake Rattle, Sensory Teether, Early Development Learning Music Toy, Newborn Birthday Gifts for 0 1 2 3 4 5 6 7 8 9 10 12 Month Babies Boy Girl",https://www.amazon.com/iPlay-iLearn-Rattles-Teether-Educational/dp/B071YCHDX1/ref=sr_1_24?crid=23X2CHTW4649I&keywords=toys&qid=1651201763&refinements=p_72%3A1248963011&rnid=1248961011&s=toys-and-games&sprefix=toys%2Caps%2C170&sr=1-24,24708.0,23.79,33.898305084745765
20,"Toy Rocket Launcher for kids – Shoots Up to 100 Feet – 6 Colorful Foam Rockets and Sturdy Launcher Stand, Stomp Launch Pad - Fun Outdoor Toy for Kids - Gift Toys for Boys and Girls Age 3+ Years Old",https://www.amazon.com/Toy-Rocket-Launcher-kids-Colorful/dp/B07XV8C1G5/ref=sr_1_22?crid=23X2CHTW4649I&keywords=toys&qid=1651201763&refinements=p_72%3A1248963011&rnid=1248961011&s=toys-and-games&sprefix=toys%2Caps%2C170&sr=1-22,21364.0,19.99,33.344448149383126
32,Bath Toy Storage For Tub Premium Locking Suction Cups Bath Tub Toy Collector Storage Quick Drying Mesh Fits Any Tub Large Bath Toy Holder For Tub Machine Washable Bathtub Toy Holder Duck,https://www.amazon.com/gp/slredirect/picassoRedirect.html/ref=pa_sp_atf_next_toys-and-games_sr_pg2_1?ie=UTF8&adId=A02176113PTAA2FFNOLKH&qualifier=1651201775&id=8260669810008671&widgetName=sp_atf_next&url=%2FBathtub-Designed-Premium-Organizer-Washable%2Fdp%2FB09FQFM773%2Fref%3Dsr_1_26_sspa%3Fcrid%3D23X2CHTW4649I%26keywords%3Dtoys%26qid%3D1651201775%26refinements%3Dp_72%253A1248963011%26rnid%3D1248961011%26s%3Dtoys-and-games%26sprefix%3Dtoys%252Caps%252C170%26sr%3D1-26-spons%26psc%3D1,3.0,16.75,32.97318927571028
52,"Sassy Stacks of Circles Stacking Ring STEM Learning Toy, Age 6+ Months, Multi, 9 Piece Set",https://www.amazon.com/Sassy-Stacks-Circles-Stacking-Learning/dp/B07NXDJ52C/ref=sr_1_47?crid=23X2CHTW4649I&keywords=toys&qid=1651201775&refinements=p_72%3A1248963011&rnid=1248961011&s=toys-and-games&sprefix=toys%2Caps%2C170&sr=1-47,39353.0,8.99,30.792917628945343
5,Kids Toys Stem Dinosaur Toy: Take Apart Dinosaur Toys for kids 3-5| Learning Educational Building construction Sets with Electric Drill| Birthday Gifts for Toddlers Boys Girls Age 3 4 5 6 7 8 Year Old,https://www.amazon.com/Kids-Toys-Stem-Dinosaur-Toy/dp/B08Y1S657P/ref=sr_1_7?crid=23X2CHTW4649I&keywords=toys&qid=1651201763&refinements=p_72%3A1248963011&rnid=1248961011&s=toys-and-games&sprefix=toys%2Caps%2C170&sr=1-7,2950.0,17.99,30.781069642170067
16,"Kids Musical Piano Mats,47.24x15.75 inch Soft Baby Early Education Portable Dance Music Piano Keyboard Carpet Musical Touch Play Game Toy Gifts for 1 2 3 4 5 Year Kids Toddlers Girls Boys",https://www.amazon.com/47-24x15-75-Education-Portable-Keyboard-Toddlers/dp/B08SW7WM69/ref=sr_1_18?crid=23X2CHTW4649I&keywords=toys&qid=1651201763&refinements=p_72%3A1248963011&rnid=1248961011&s=toys-and-games&sprefix=toys%2Caps%2C170&sr=1-18,2240.0,17.99,30.781069642170067
77,"Toys for 1-10 Year Old Girls,Star Projector for Kids 2-9 Year Old Girl Gifts Toys for 3-8 Year Old Girls Christmas Gifts for 4-7 Year Old Boys Sensory Baby Toys Birthday Gifts Stocking Stuffers",https://www.amazon.com/gp/slredirect/picassoRedirect.html/ref=pa_sp_mtf_toys-and-games_sr_pg3_1?ie=UTF8&adId=A07848402Q4YVHLSJ01C6&qualifier=1651201784&id=3724238908503868&widgetName=sp_mtf&url=%2FProjector-Christmas-Birthday-Stocking-Stuffers%2Fdp%2FB09DY1VZJS%2Fref%3Dsr_1_55_sspa%3Fcrid%3D23X2CHTW4649I%26keywords%3Dtoys%26qid%3D1651201784%26refinements%3Dp_72%253A1248963011%26rnid%3D1248961011%26s%3Dtoys-and-games%26sprefix%3Dtoys%252Caps%252C170%26sr%3D1-55-spons%26psc%3D1,948.0,9.79,30.02144388849179
36,Water Doodle Mat - Kids Painting Writing Doodle Toy Mat - Color Doodle Drawing Mat Bring Magic Pens Educational Toys for Age 2 3 4 5 6 7 Year Old Girls Boys Age Toddler Gift,https://www.amazon.com/Toyk-Aqua-Magic-Mat-Educational/dp/B07GKWLBN2/ref=sr_1_31?crid=23X2CHTW4649I&keywords=toys&qid=1651201775&refinements=p_72%3A1248963011&rnid=1248961011&s=toys-and-games&sprefix=toys%2Caps%2C170&sr=1-31,23456.0,22.491,29.693654266958426
7,"VTech Pop-a-Balls Push & Pop Bulldozer,Yellow",https://www.amazon.com/VTech-Pop-a-Balls-Push-Pop-Bulldozer/dp/B06WV7VBY5/ref=sr_1_9?crid=23X2CHTW4649I&keywords=toys&qid=1651201763&refinements=p_72%3A1248963011&rnid=1248961011&s=toys-and-games&sprefix=toys%2Caps%2C170&sr=1-9,15465.0,19.69,29.653447659878516
37,"Bloobloomax Wrist Rattles Foot Finder Rattle Sock Baby Toddlor Toy,Rattle Toy,Arm Hand Bracelet Rattle,Feet Leg Ankle Socks, Present Gift for Newborn Infant Babies Boy Girl Bebe (4 Bugs)",https://www.amazon.com/Rattles-Toddlor-Bracelet-Activity-Present/dp/B08GJJ4JWG/ref=sr_1_32?crid=23X2CHTW4649I&keywords=toys&qid=1651201775&refinements=p_72%3A1248963011&rnid=1248961011&s=toys-and-games&sprefix=toys%2Caps%2C170&sr=1-32,1987.0,11.3525,29.00250156347718
8,CENOVE Girls Toys Age 3-6 Year Old Toddler Toys for Girls Boys Gifts Flower Garden Building Toy Educational Activity Stem Toys(130 PCS),https://www.amazon.com/CENOVE-Toddler-Flower-Building-Educational/dp/B07Z38QXJF/ref=sr_1_10?crid=23X2CHTW4649I&keywords=toys&qid=1651201763&refinements=p_72%3A1248963011&rnid=1248961011&s=toys-and-games&sprefix=toys%2Caps%2C170&sr=1-10,5096.0,35.99,28.005601120224043
48,Kids Toys for 3 Year Old Boys Girls Race Track Car Adventure Preschool Toddler Boy Toys Educational Puzzles Car Toys for 4 5 6 Year Old Boys Girls Gifts for Kids 3 4 5 Year Old Girl Birthday Gifts,https://www.amazon.com/CubicFun-Adventure-Engineering-Vehicles-Playsets/dp/B07W7ZGGKK/ref=sr_1_43?crid=23X2CHTW4649I&keywords=toys&qid=1651201775&refinements=p_72%3A1248963011&rnid=1248961011&s=toys-and-games&sprefix=toys%2Caps%2C170&sr=1-43,7080.0,35.991,28.003600720144036
141,"HahaGift Dinosaur Toys for Kids 3-5 Year Old Boys Gifts, Wooden Stacking Toddler Toys for 2 3 4 5 6 Year Old Boys Toys, Montessori Learning Toys Age 2-6 Year Old Boys Christmas & Birthday Gifts!",https://www.amazon.com/HahaGift-Stacking-Dinosaur-Childrens-Christmas/dp/B08BL9YXGC/ref=sr_1_85?crid=23X2CHTW4649I&keywords=toys&qid=1651201791&refinements=p_72%3A1248963011&rnid=1248961011&s=toys-and-games&sprefix=toys%2Caps%2C170&sr=1-85,3349.0,12.99,27.793218454697044
114,"HahaGift Dinosaur Toys for Kids 3-5 Year Old Boys Gifts, Wooden Stacking Toddler Toys for 2 3 4 5 6 Year Old Boys Toys, Montessori Learning Toys Age 2-6 Year Old Boys Christmas & Birthday Gifts!",https://www.amazon.com/HahaGift-Stacking-Dinosaur-Childrens-Christmas/dp/B08BL9YXGC/ref=sr_1_85?crid=23X2CHTW4649I&keywords=toys&qid=1651201791&refinements=p_72%3A1248963011&rnid=1248961011&s=toys-and-games&sprefix=toys%2Caps%2C170&sr=1-85,3349.0,12.99,27.793218454697044
55,Laradola Toys for 3 4 5 6 7 8 Year Old Boys - Construction Transform Robot Kids Toys Cars | STEM Building Toddler Toys for Kids Ages 4-8 | 5 in 1 Construction Toys Birthday Easter Gifts Boy Girls Kids,https://www.amazon.com/Toys-Year-Old-Boys-Construction/dp/B08QVP4TK1/ref=sr_1_50?crid=23X2CHTW4649I&keywords=toys&qid=1651201775&refinements=p_72%3A1248963011&rnid=1248961011&s=toys-and-games&sprefix=toys%2Caps%2C170&sr=1-50,1534.0,25.99,27.785495971103092
34,"Toys for 1-2 Year Old Girls,Magnetic Drawing Board,Toddler Toys for Girls Age 2 3,Magna Erasable Doodle Board for Kids,Learning Toys for Toddler 2-3,Toy Gifts for 2 3 Year Old Girls Boys Birthday",https://www.amazon.com/Magnetic-Drawing-Erasable-Learning-Birthday/dp/B08T65J79W/ref=sr_1_28?crid=23X2CHTW4649I&keywords=toys&qid=1651201775&refinements=p_72%3A1248963011&rnid=1248961011&s=toys-and-games&sprefix=toys%2Caps%2C170&sr=1-28,1368.0,21.8405,27.174058019339782
9,"Laradola Dinosaur Toys for 3 4 5 6 7 8 Year Old Boys, Take Apart Dinosaur Toys for Kids 3-5 5-7 STEM Construction Building Kids Toys with Electric Drill, Dinosaur Toy Birthday Easter Gifts Boys Girls",https://www.amazon.com/Dinosaur-Construction-Building-Electric-Birthday/dp/B08PCVYDZG/ref=sr_1_11?crid=23X2CHTW4649I&keywords=toys&qid=1651201763&refinements=p_72%3A1248963011&rnid=1248961011&s=toys-and-games&sprefix=toys%2Caps%2C170&sr=1-11,7423.0,18.99,26.93343593689881
71,Nicmore Toddler Toys Car for Boys: Kids Toys for 1 2 3 4 5 Year Old Boys Girls | Boy Toys 7 in 1 Carrier Vehicle Toy Trucks Baby Toys 12-18 Months Party Birthday Gifts for Boys Toddler Toys Age 2-4,https://www.amazon.com/Toddler-Toys-Car-Boys-Christmas/dp/B08XZ5C24Y/ref=sr_1_49?crid=23X2CHTW4649I&keywords=toys&qid=1651201784&refinements=p_72%3A1248963011&rnid=1248961011&s=toys-and-games&sprefix=toys%2Caps%2C170&sr=1-49,1379.0,21.95,26.71118530884808
109,"Dinosaur Toys for 3 Year Old Boys, Palotix Kids Toys Pull Back Dinosaur Toys for 2 Year Old Boy Toys 6 Pack Toddler Car Toys for 4 Year Old Boys Birthday Gifts for Kids Age 1 and Up Dinosaur Games",https://www.amazon.com/Dinosaur-Toys-Year-Boys-Birthday/dp/B0853297TY/ref=sr_1_80?crid=23X2CHTW4649I&keywords=toys&qid=1651201791&refinements=p_72%3A1248963011&rnid=1248961011&s=toys-and-games&sprefix=toys%2Caps%2C170&sr=1-80,17802.0,8.792,26.6722268557131
136,"Dinosaur Toys for 3 Year Old Boys, Palotix Kids Toys Pull Back Dinosaur Toys for 2 Year Old Boy Toys 6 Pack Toddler Car Toys for 4 Year Old Boys Birthday Gifts for Kids Age 1 and Up Dinosaur Games",https://www.amazon.com/Dinosaur-Toys-Year-Boys-Birthday/dp/B0853297TY/ref=sr_1_80?crid=23X2CHTW4649I&keywords=toys&qid=1651201791&refinements=p_72%3A1248963011&rnid=1248961011&s=toys-and-games&sprefix=toys%2Caps%2C170&sr=1-80,17802.0,8.792,26.6722268557131
100,ZMLM Baby Tummy-Time Water Mat: Infant Toy Gift Activity Play Mat Inflatable Sensory Playmat Babies Belly Time Pat Indoor Small Pad for 3 6 9 Month Newborn Boy Girl Toddler Fun Game,https://www.amazon.com/ZMLM-Baby-Tummy-Time-Water-Mat/dp/B08DV6R3HK/ref=sr_1_81?crid=23X2CHTW4649I&keywords=toys&qid=1651201791&refinements=p_72%3A1248963011&rnid=1248961011&s=toys-and-games&sprefix=toys%2Caps%2C170&sr=1-81,2346.0,13.99,26.329647182727744
127,ZMLM Baby Tummy-Time Water Mat: Infant Toy Gift Activity Play Mat Inflatable Sensory Playmat Babies Belly Time Pat Indoor Small Pad for 3 6 9 Month Newborn Boy Girl Toddler Fun Game,https://www.amazon.com/ZMLM-Baby-Tummy-Time-Water-Mat/dp/B08DV6R3HK/ref=sr_1_81?crid=23X2CHTW4649I&keywords=toys&qid=1651201791&refinements=p_72%3A1248963011&rnid=1248961011&s=toys-and-games&sprefix=toys%2Caps%2C170&sr=1-81,2346.0,13.99,26.329647182727744
92,"LCD Writing Tablet, 15 Inch Portable Large Screen Drawing Board, Deecam Electronic Graphics Tablet for Boys and Girls, Drawing Board with Memory Lock, Drawing Board Gift for Kids and Adults",https://www.amazon.com/gp/slredirect/picassoRedirect.html/ref=pa_sp_btf_toys-and-games_sr_pg3_1?ie=UTF8&adId=A08929213JQ77GN7DFZZN&qualifier=1651201784&id=3724238908503868&widgetName=sp_btf&url=%2FDeecam-Writing-Portable-Electronic-Graphics%2Fdp%2FB08Z32P7NT%2Fref%3Dsr_1_70_sspa%3Fcrid%3D23X2CHTW4649I%26keywords%3Dtoys%26qid%3D1651201784%26refinements%3Dp_72%253A1248963011%26rnid%3D1248961011%26s%3Dtoys-and-games%26sprefix%3Dtoys%252Caps%252C170%26sr%3D1-70-spons%26psc%3D1,75.0,19.4925,24.999999999999996
53,"VTech KidiBeats Drum Set (Frustration Free Packaging) , Orange",https://www.amazon.com/VTech-KidiBeats-Drum-Frustration-Packaging/dp/B071Y71Y3J/ref=sr_1_48?crid=23X2CHTW4649I&keywords=toys&qid=1651201775&refinements=p_72%3A1248963011&rnid=1248961011&s=toys-and-games&sprefix=toys%2Caps%2C170&sr=1-48,31534.0,16.62,24.42019099590722
65,"DUMMA Baby Toys 12-18 Months Musical Bus Toys for 1 2 3 4+Year Old Boys Girls Gifts,Early Education Learning Toy with Fruit/Music/Lighting/Smart Shapes for 18-24 Months Birthday Gifts",https://www.amazon.com/DUMMA-Education-Learning-Lighting-Birthday/dp/B09HC1TTFG/ref=sr_1_52?crid=23X2CHTW4649I&keywords=toys&qid=1651201784&refinements=p_72%3A1248963011&rnid=1248961011&s=toys-and-games&sprefix=toys%2Caps%2C170&sr=1-52,659.0,20.61,23.525046382189238
72,Baby Musical Toys Infant Crawling Toys with Music LED Lights Sounds Toddlers Electronic Interactive Toys Early Learning Preschool Development Dancing Walking Toy for 6 to 12 Months Boys and Girls,https://www.amazon.com/Cola-Bear-Musical-Crawling-Learning/dp/B098373JTF/ref=sr_1_50?crid=23X2CHTW4649I&keywords=toys&qid=1651201784&refinements=p_72%3A1248963011&rnid=1248961011&s=toys-and-games&sprefix=toys%2Caps%2C170&sr=1-50,322.0,15.333,23.14285714285714
87,Nuby Floating Purple Octopus with 3 Hoopla Rings Interactive Bath Toy,https://www.amazon.com/Nuby-Floating-Purple-Octopus-Interactive/dp/B083ZZSGLR/ref=sr_1_65?crid=23X2CHTW4649I&keywords=toys&qid=1651201784&refinements=p_72%3A1248963011&rnid=1248961011&s=toys-and-games&sprefix=toys%2Caps%2C170&sr=1-65,42563.0,6.99,22.246941045606228
89,"TEMI Toddler Carrier Truck Transport Vehicles Toys - 5 in 1 Toys for 3 4 5 6 7 Year Old Boys, Kids Toys Car for Girls Boys Toddlers Friction Power Set, Push and Go Play Vehicles Toys",https://www.amazon.com/TEMI-Carrier-Truck-Transport-Vehicles/dp/B08937X78W/ref=sr_1_67?crid=23X2CHTW4649I&keywords=toys&qid=1651201784&refinements=p_72%3A1248963011&rnid=1248961011&s=toys-and-games&sprefix=toys%2Caps%2C170&sr=1-67,4698.0,20.99,22.23045572434235
86,"Hape Pound & Tap Bench with Slide Out Xylophone - Award Winning Durable Wooden Musical Pounding Toy for Toddlers, Multifunctional and Bright Colours, Yellow",https://www.amazon.com/Hape-Pound-Bench-Slide-Xylophone/dp/B00712O2D6/ref=sr_1_64?crid=23X2CHTW4649I&keywords=toys&qid=1651201784&refinements=p_72%3A1248963011&rnid=1248961011&s=toys-and-games&sprefix=toys%2Caps%2C170&sr=1-64,14241.0,25.94,21.370112155198544
61,LCD Writing Tablet 10 Inch Colorful Drawing Tablet Writing Pad for Kids with Learning Cards Electronic Doodle Board Educational Learning Toy Gifts for Boys Girls 3-6 Years Old (Blue),https://www.amazon.com/gp/slredirect/picassoRedirect.html/ref=pa_sp_btf_toys-and-games_sr_pg2_1?ie=UTF8&adId=A0284782UMM2UNPVBG9W&qualifier=1651201775&id=8260669810008671&widgetName=sp_btf&url=%2FWriting-Colorful-Learning-Electronic-Educational%2Fdp%2FB09R6JGMYJ%2Fref%3Dsr_1_56_sspa%3Fcrid%3D23X2CHTW4649I%26keywords%3Dtoys%26qid%3D1651201775%26refinements%3Dp_72%253A1248963011%26rnid%3D1248961011%26s%3Dtoys-and-games%26sprefix%3Dtoys%252Caps%252C170%26sr%3D1-56-spons%26psc%3D1,3.0,13.584,20.000000000000004
59,"Baby Toys 12-18 Months Musical Train Kids Toys for 1 2 3 4+ Year Old Boys Girls Gifts,Early Education Learning Toy with Fruit Block/Music/Light/ for 6 to 12 Months Toddler Christmas Birthday Gifts",https://www.amazon.com/Musical-Education-Learning-Christmas-Birthday/dp/B09HG9CC74/ref=sr_1_54?crid=23X2CHTW4649I&keywords=toys&qid=1651201775&refinements=p_72%3A1248963011&rnid=1248961011&s=toys-and-games&sprefix=toys%2Caps%2C170&sr=1-54,566.0,23.16,20.0
46,Upgraded Candy Color Magnetic Blocks Toddler Toys for 3 4 5 6 7 8 Year Old Girls and Boys Gifts Magnetic Tiles STEM Learning Educational Building Toys for Kids 52PCS,https://www.amazon.com/gp/slredirect/picassoRedirect.html/ref=pa_sp_mtf_toys-and-games_sr_pg2_1?ie=UTF8&adId=A07176082DS1J1TSL7B9E&qualifier=1651201775&id=8260669810008671&widgetName=sp_mtf&url=%2FUpgraded-Magnetic-Learning-Educational-Building%2Fdp%2FB09NXRYPYL%2Fref%3Dsr_1_41_sspa%3Fcrid%3D23X2CHTW4649I%26keywords%3Dtoys%26qid%3D1651201775%26refinements%3Dp_72%253A1248963011%26rnid%3D1248961011%26s%3Dtoys-and-games%26sprefix%3Dtoys%252Caps%252C170%26sr%3D1-41-spons%26psc%3D1,1.0,23.192,19.999999999999996
107,STEAM Life Baby Toys 0 3 6 12 Months - Plush Elephant Infant Toys - Newborn Baby Musical Toys for Baby 6 to 12 Months - Light Up Baby Toys for Boys Girls Toddlers - Baby Gifts for 0 3 6 9 12 Month,https://www.amazon.com/STEAM-Life-Plush-Elephant-Baby/dp/B085KZZQ3B/ref=sr_1_78?crid=23X2CHTW4649I&keywords=toys&qid=1651201791&refinements=p_72%3A1248963011&rnid=1248961011&s=toys-and-games&sprefix=toys%2Caps%2C170&sr=1-78,3288.0,14.42,19.75514746800222
134,STEAM Life Baby Toys 0 3 6 12 Months - Plush Elephant Infant Toys - Newborn Baby Musical Toys for Baby 6 to 12 Months - Light Up Baby Toys for Boys Girls Toddlers - Baby Gifts for 0 3 6 9 12 Month,https://www.amazon.com/STEAM-Life-Plush-Elephant-Baby/dp/B085KZZQ3B/ref=sr_1_78?crid=23X2CHTW4649I&keywords=toys&qid=1651201791&refinements=p_72%3A1248963011&rnid=1248961011&s=toys-and-games&sprefix=toys%2Caps%2C170&sr=1-78,3288.0,14.42,19.75514746800222
38,Furktem Baby Toys 6 to 12 Months Ocean Rotating Projector - Early Education Toys 12-18 Months with Various Pacify Music/Light Kids Toddler Toys for 1 2 3+ Year Old Boys Girls Birthday,https://www.amazon.com/Furktem-Months-Ocean-Rotating-Projector/dp/B09J8CF27Z/ref=sr_1_33?crid=23X2CHTW4649I&keywords=toys&qid=1651201775&refinements=p_72%3A1248963011&rnid=1248961011&s=toys-and-games&sprefix=toys%2Caps%2C170&sr=1-33,444.0,22.473,19.710610932475884
60,Threeking RC Cars Amphibious Stunt car Waterproof Remote Control Car Double Sided 360° Flips Rotating 4WD Outdoor Indoor car Toy Present Gift for Boys/Girls Ages 6+,https://www.amazon.com/gp/slredirect/picassoRedirect.html/ref=pa_sp_btf_toys-and-games_sr_pg2_1?ie=UTF8&adId=A1027843F2B2WZUXAM4X&qualifier=1651201775&id=8260669810008671&widgetName=sp_btf&url=%2FThreeking-Amphibious-Waterproof-Control-Rotating%2Fdp%2FB09DNYBWQX%2Fref%3Dsr_1_55_sspa%3Fcrid%3D23X2CHTW4649I%26keywords%3Dtoys%26qid%3D1651201775%26refinements%3Dp_72%253A1248963011%26rnid%3D1248961011%26s%3Dtoys-and-games%26sprefix%3Dtoys%252Caps%252C170%26sr%3D1-55-spons%26psc%3D1,34.0,29.99,18.924033522573676
76,"LCD Writing Tablet for Kids, 2 Pack 10 Inch Colorful Screen Drawing Tablet with Stylus & Magnets, Erasable Doodle Board Including Copy Card, Learning Educational Toy Gift for 3+ Years Old Girls Boys",https://www.amazon.com/gp/slredirect/picassoRedirect.html/ref=pa_sp_mtf_toys-and-games_sr_pg3_1?ie=UTF8&adId=A06506252IPL6XKG4KSXB&qualifier=1651201784&id=3724238908503868&widgetName=sp_mtf&url=%2F10-Colorful-Erasable-Including-Educational%2Fdp%2FB09GLNK9RV%2Fref%3Dsr_1_54_sspa%3Fcrid%3D23X2CHTW4649I%26keywords%3Dtoys%26qid%3D1651201784%26refinements%3Dp_72%253A1248963011%26rnid%3D1248961011%26s%3Dtoys-and-games%26sprefix%3Dtoys%252Caps%252C170%26sr%3D1-54-spons%26psc%3D1,678.0,18.69,18.70378425402348
80,"Lucky Doug 12-in-1 STEM Solar Robot Kit Toys Gifts for Kids 8 9 10 11 12 13 Years Old, Educational Building Science Experiment Set Gifts for Kids Boys Girls",https://www.amazon.com/Lucky-Doug-Experiment-Students-Educational/dp/B07ZH3LJB9/ref=sr_1_58?crid=23X2CHTW4649I&keywords=toys&qid=1651201784&refinements=p_72%3A1248963011&rnid=1248961011&s=toys-and-games&sprefix=toys%2Caps%2C170&sr=1-58,5904.0,13.99,17.657445556209524
75,"YEEBAY Interactive Whack A Frog Game, Learning, Active, Early Developmental Toy, Fun Gift for Age 3, 4, 5, 6, 7, 8 Years Old Kids, Boys, Girls,2 Hammers Included",https://www.amazon.com/YEEBAY-Interactive-Learning-Developmental-Included/dp/B07QRRTYBL/ref=sr_1_53?crid=23X2CHTW4649I&keywords=toys&qid=1651201784&refinements=p_72%3A1248963011&rnid=1248961011&s=toys-and-games&sprefix=toys%2Caps%2C170&sr=1-53,15646.0,29.691,17.50208391219784
85,Tuko Transport Cargo Airplane Car Toy Play Set for 3+ Years Old Boys and Girls(Blue),https://www.amazon.com/Tuko-Transport-Cargo-Airplane-Years/dp/B0833WQ2ZL/ref=sr_1_63?crid=23X2CHTW4649I&keywords=toys&qid=1651201784&refinements=p_72%3A1248963011&rnid=1248961011&s=toys-and-games&sprefix=toys%2Caps%2C170&sr=1-63,6483.0,20.39,15.006252605252179
44,"TEMI Construction Truck Toys for 1 2 3 4 5 6 Year Old Boys, 5-in-1 Friction Power Toy Vehicle in Carrier Truck, Toddler Toys Car for Boys for Kids Aged 3+",https://www.amazon.com/Friction-Vehicle-Steering-Construction-Bulldozer/dp/B089337GFF/ref=sr_1_39?crid=23X2CHTW4649I&keywords=toys&qid=1651201775&refinements=p_72%3A1248963011&rnid=1248961011&s=toys-and-games&sprefix=toys%2Caps%2C170&sr=1-39,7168.0,22.94,15.005557613931074
15,"Seckton Upgrade Kids Selfie Camera, Christmas Birthday Gifts for Boys Age 3-9, HD Digital Video Cameras for Toddler, Portable Toy for 3 4 5 6 7 8 Year Old Boy with 32GB SD Card-Navy Blue",https://www.amazon.com/Seckton-Christmas-Birthday-Portable-Card-Navy/dp/B088D6VLTH/ref=sr_1_17?crid=23X2CHTW4649I&keywords=toys&qid=1651201763&refinements=p_72%3A1248963011&rnid=1248961011&s=toys-and-games&sprefix=toys%2Caps%2C170&sr=1-17,18132.0,31.44,15.004055150040552
91,Magblock Magnetic Blocks Girls Boys Stem Toys 156pcs Magnet Magnetic Building Tiles Toys for 3 4 5 Year Old Kids Birthday Gifts.,https://www.amazon.com/gp/slredirect/picassoRedirect.html/ref=pa_sp_btf_toys-and-games_sr_pg3_1?ie=UTF8&adId=A05512741HDMT2TVKZ22A&qualifier=1651201784&id=3724238908503868&widgetName=sp_btf&url=%2FMagblock-Magnetic-Building-Blocks-Magnet%2Fdp%2FB09JS115NQ%2Fref%3Dsr_1_69_sspa%3Fcrid%3D23X2CHTW4649I%26keywords%3Dtoys%26qid%3D1651201784%26refinements%3Dp_72%253A1248963011%26rnid%3D1248961011%26s%3Dtoys-and-games%26sprefix%3Dtoys%252Caps%252C170%26sr%3D1-69-spons%26psc%3D1,46.0,33.99,15.003750937734434
50,"Joyjoz Baby Musical Mats with 25 Music Sounds, Musical Toys Child Floor Piano Keyboard Mat Carpet Animal Blanket Touch Playmat Early Education Toys for Baby Girls Boys Toddlers (1 to 5 Years Old)",https://www.amazon.com/Joyjoz-Musical-Keyboard-Education-Toddlers/dp/B08CK9QQMH/ref=sr_1_45?crid=23X2CHTW4649I&keywords=toys&qid=1651201775&refinements=p_72%3A1248963011&rnid=1248961011&s=toys-and-games&sprefix=toys%2Caps%2C170&sr=1-45,6035.0,18.99,13.642564802182811
84,"Aitbay Plush Elephant Music Baby Toys 0 3 6 9 12 Months, Cute Stuffed Aminal Light Up Baby Toys Newborn Baby Musical Toys for Infant Babies Boys & Girls Toddlers 0 to 36 Months",https://www.amazon.com/Aitbay-Elephant-Stuffed-Newborn-Toddlers/dp/B08FRDY7VN/ref=sr_1_62?crid=23X2CHTW4649I&keywords=toys&qid=1651201784&refinements=p_72%3A1248963011&rnid=1248961011&s=toys-and-games&sprefix=toys%2Caps%2C170&sr=1-62,2762.0,16.1025,10.292479108635098
70,"Sonomo Toys for 6-9 Year Old Boys, RC Robot Gifts for Kids Intelligent Programmable Robot with 2.4GHz Sensing Gesture Control - Upgraded Version (White)",https://www.amazon.com/Sonomo-Intelligent-Programmable-Sensing-Gesture/dp/B08CH4TFC6/ref=sr_1_58?crid=23X2CHTW4649I&keywords=toys&qid=1651201784&refinements=p_72%3A1248963011&rnid=1248961011&s=toys-and-games&sprefix=toys%2Caps%2C170&sr=1-58,2591.0,34.191,9.999999999999998
101,LAGERFEY Early Learning Shape Sorter Baby Toys 6 to 12 Months Educational Music and Light Baby Toys 12 to 18 Months Activity Cube Christmas Birthday Gifts Toys for 1 2 3 Years Old Boys and Girls,https://www.amazon.com/LAGERFEY-Learning-Educational-Activity-Christmas/dp/B0923MRP63/ref=sr_1_82?crid=23X2CHTW4649I&keywords=toys&qid=1651201791&refinements=p_72%3A1248963011&rnid=1248961011&s=toys-and-games&sprefix=toys%2Caps%2C170&sr=1-82,348.0,17.919,9.999999999999998
56,"BACCOW Baby Toys 6 to 12-18 Months, Musical Pop-up Toys for 9 Months 1 Year Old Boys Girls Gifts Toddler Infant Toys",https://www.amazon.com/baccow-Musical-Learning-Toddler-Sensory/dp/B086GYK6D8/ref=sr_1_51?crid=23X2CHTW4649I&keywords=toys&qid=1651201775&refinements=p_72%3A1248963011&rnid=1248961011&s=toys-and-games&sprefix=toys%2Caps%2C170&sr=1-51,1414.0,20.691,9.999999999999998
128,LAGERFEY Early Learning Shape Sorter Baby Toys 6 to 12 Months Educational Music and Light Baby Toys 12 to 18 Months Activity Cube Christmas Birthday Gifts Toys for 1 2 3 Years Old Boys and Girls,https://www.amazon.com/LAGERFEY-Learning-Educational-Activity-Christmas/dp/B0923MRP63/ref=sr_1_82?crid=23X2CHTW4649I&keywords=toys&qid=1651201791&refinements=p_72%3A1248963011&rnid=1248961011&s=toys-and-games&sprefix=toys%2Caps%2C170&sr=1-82,348.0,17.919,9.999999999999998
73,"Learning Resources Spike The Fine Motor Hedgehog - 14 Pieces, Ages 18+ months Toddler Learning Toys, Fine Motor and Sensory Toys, Educational Toys for Toddlers, Montessori Toys",https://www.amazon.com/Learning-Resources-Spike-Hedgehog-Sensory/dp/B078WM314M/ref=sr_1_51?crid=23X2CHTW4649I&keywords=toys&qid=1651201784&refinements=p_72%3A1248963011&rnid=1248961011&s=toys-and-games&sprefix=toys%2Caps%2C170&sr=1-51,39753.0,13.59,9.339559706470983
99,"Carrier Car Toy Set(5 in 1) with Lights and Sounds, Pink Toy for Girl Toddler Kid, Friction Powered Double Layer Transport Truck with Cartoon Vehicles, Child Play Birthday Gift Christmas Party Favors",https://www.amazon.com/Friction-Transport-Vehicles-Birthday-Christmas/dp/B088W8K13R/ref=sr_1_80?crid=23X2CHTW4649I&keywords=toys&qid=1651201791&refinements=p_72%3A1248963011&rnid=1248961011&s=toys-and-games&sprefix=toys%2Caps%2C170&sr=1-80,1896.0,29.95,9.104704097116853
126,"Carrier Car Toy Set(5 in 1) with Lights and Sounds, Pink Toy for Girl Toddler Kid, Friction Powered Double Layer Transport Truck with Cartoon Vehicles, Child Play Birthday Gift Christmas Party Favors",https://www.amazon.com/Friction-Transport-Vehicles-Birthday-Christmas/dp/B088W8K13R/ref=sr_1_80?crid=23X2CHTW4649I&keywords=toys&qid=1651201791&refinements=p_72%3A1248963011&rnid=1248961011&s=toys-and-games&sprefix=toys%2Caps%2C170&sr=1-80,1896.0,29.95,9.104704097116853
90,"SGILE RC Robot Toy, Gesture Sensing Remote Control Robot for Kid 3-8 Year Birthday Gift Present, Blue",https://www.amazon.com/Control-Programmable-Birthday-Interactive-Robotics/dp/B07C147N9F/ref=sr_1_68?crid=23X2CHTW4649I&keywords=toys&qid=1651201784&refinements=p_72%3A1248963011&rnid=1248961011&s=toys-and-games&sprefix=toys%2Caps%2C170&sr=1-68,8388.0,29.99,9.093664746893008
0,"Cats vs Pickles - Limited Edition Holiday 12pk - 4"" Cute Cuddly Collectible Bean Plush Toy - Great for White Elephant, Gift Exchanges & $10 Gifts.",https://www.amazon.com/gp/slredirect/picassoRedirect.html/ref=pa_sp_atf_toys-and-games_sr_pg1_1?ie=UTF8&adId=A01631413HD6R5I9W2EAM&url=%2FCats-Pickles-Collectible-Elephant-Exchanges%2Fdp%2FB09HR8WH26%2Fref%3Dsr_1_1_sspa%3Fcrid%3D23X2CHTW4649I%26keywords%3Dtoys%26qid%3D1651201763%26refinements%3Dp_72%253A1248963011%26rnid%3D1248961011%26s%3Dtoys-and-games%26sprefix%3Dtoys%252Caps%252C170%26sr%3D1-1-spons%26psc%3D1%26smid%3DA2YYR5T0SK67E5&qualifier=1651201763&id=6309865353461707&widgetName=sp_atf,282.0,54.99,8.33472245374229
35,Manhattan Toy Winkel Rattle & Sensory Teether Toy,https://www.amazon.com/Manhattan-Toy-Winkel-Sensory-Teether/dp/B000BNCA4K/ref=sr_1_29?crid=23X2CHTW4649I&keywords=toys&qid=1651201775&refinements=p_72%3A1248963011&rnid=1248961011&s=toys-and-games&sprefix=toys%2Caps%2C170&sr=1-29,28276.0,12.99,7.2142857142857135
29,"Sand Shovels for Kids,7 Pack 10.2''Beach Toys Shovels & Sandbox Shovel for Kids,Sturdy Multi-Color Plastic Shovels for Sand & Beach,Plastic Shovel for Sand and Beach-Sandbox Or in The Snow & Backyard",https://www.amazon.com/gp/slredirect/picassoRedirect.html/ref=pa_sp_btf_toys-and-games_sr_pg1_1?ie=UTF8&adId=A0137351376UN88LKNAK4&url=%2FShovels-10-2Beach-Multi-Color-Beach-Sandbox-Backyard%2Fdp%2FB0921HH7ZD%2Fref%3Dsr_1_31_sspa%3Fcrid%3D23X2CHTW4649I%26keywords%3Dtoys%26qid%3D1651201763%26refinements%3Dp_72%253A1248963011%26rnid%3D1248961011%26s%3Dtoys-and-games%26sprefix%3Dtoys%252Caps%252C170%26sr%3D1-31-spons%26psc%3D1&qualifier=1651201763&id=6309865353461707&widgetName=sp_btf,82.0,15.9706,5.999999999999996
131,"Globber ULTIMUM for Kids, Teens, and Adults 3-Wheel Scooter Patented, Adjustable Steering Angle Control System",https://www.amazon.com/gp/slredirect/picassoRedirect.html/ref=pa_sp_mtf_toys-and-games_sr_pg4_1?ie=UTF8&adId=A04129322QOHHMCBA293F&qualifier=1651201791&id=7363364017280731&widgetName=sp_mtf&url=%2FGlobber-Ultimum-612-120-Charcoal-Grey%2Fdp%2FB07ND1GY9G%2Fref%3Dsr_1_75_sspa%3Fcrid%3D23X2CHTW4649I%26keywords%3Dtoys%26qid%3D1651201791%26refinements%3Dp_72%253A1248963011%26rnid%3D1248961011%26s%3Dtoys-and-games%26sprefix%3Dtoys%252Caps%252C170%26sr%3D1-75-spons%26psc%3D1,448.0,151.99,5.0003125195324705
104,"Globber ULTIMUM for Kids, Teens, and Adults 3-Wheel Scooter Patented, Adjustable Steering Angle Control System",https://www.amazon.com/gp/slredirect/picassoRedirect.html/ref=pa_sp_mtf_toys-and-games_sr_pg4_1?ie=UTF8&adId=A04129322QOHHMCBA293F&qualifier=1651201791&id=7363364017280731&widgetName=sp_mtf&url=%2FGlobber-Ultimum-612-120-Charcoal-Grey%2Fdp%2FB07ND1GY9G%2Fref%3Dsr_1_75_sspa%3Fcrid%3D23X2CHTW4649I%26keywords%3Dtoys%26qid%3D1651201791%26refinements%3Dp_72%253A1248963011%26rnid%3D1248961011%26s%3Dtoys-and-games%26sprefix%3Dtoys%252Caps%252C170%26sr%3D1-75-spons%26psc%3D1,448.0,151.99,5.0003125195324705
62,"Globber ULTIMUM for Kids, Teens, and Adults 3-Wheel Scooter Patented, Adjustable Steering Angle Control System",https://www.amazon.com/gp/slredirect/picassoRedirect.html/ref=pa_sp_atf_next_toys-and-games_sr_pg3_1?ie=UTF8&adId=A041303223JC2FRJE1Q5K&qualifier=1651201784&id=3724238908503868&widgetName=sp_atf_next&url=%2FGlobber-Ultimum-612-100-Navy-Blue%2Fdp%2FB07KYVH3MT%2Fref%3Dsr_1_49_sspa%3Fcrid%3D23X2CHTW4649I%26keywords%3Dtoys%26qid%3D1651201784%26refinements%3Dp_72%253A1248963011%26rnid%3D1248961011%26s%3Dtoys-and-games%26sprefix%3Dtoys%252Caps%252C170%26sr%3D1-49-spons%26psc%3D1,448.0,151.99,5.0003125195324705
112,"Digital Shooting Targets with Foam Dart Toy Shooting Blaster , 4 Targets Auto Reset Electronic Scoring Toys, Shooting Toys for Age of 5 6 7 8 9 10+ Years Old Kid Boys Girls, Compatible with Nerf Toys",https://www.amazon.com/Digital-Shooting-Targets-Blaster-Electronic/dp/B087M465GT/ref=sr_1_83?crid=23X2CHTW4649I&keywords=toys&qid=1651201791&refinements=p_72%3A1248963011&rnid=1248961011&s=toys-and-games&sprefix=toys%2Caps%2C170&sr=1-83,4271.0,32.2905,5.000000000000001
139,"Digital Shooting Targets with Foam Dart Toy Shooting Blaster , 4 Targets Auto Reset Electronic Scoring Toys, Shooting Toys for Age of 5 6 7 8 9 10+ Years Old Kid Boys Girls, Compatible with Nerf Toys",https://www.amazon.com/Digital-Shooting-Targets-Blaster-Electronic/dp/B087M465GT/ref=sr_1_83?crid=23X2CHTW4649I&keywords=toys&qid=1651201791&refinements=p_72%3A1248963011&rnid=1248961011&s=toys-and-games&sprefix=toys%2Caps%2C170&sr=1-83,4271.0,32.2905,5.000000000000001
45,"Morinbo Toy Organizer Storage Case Compatible with Bakugan Figures, BakuCores & Armored Alliance, Geogan Rising Battle Action Figure, Carrying Box for 20 PIECES with Accessories Mesh Pocket (BAG ONLY)",https://www.amazon.com/gp/slredirect/picassoRedirect.html/ref=pa_sp_mtf_toys-and-games_sr_pg2_1?ie=UTF8&adId=A0570498MPK6FEQCIOG&qualifier=1651201775&id=8260669810008671&widgetName=sp_mtf&url=%2FOrganizer-Compatible-BakuCores-Alliance-Accessories%2Fdp%2FB09NKTY93W%2Fref%3Dsr_1_40_sspa%3Fcrid%3D23X2CHTW4649I%26keywords%3Dtoys%26qid%3D1651201775%26refinements%3Dp_72%253A1248963011%26rnid%3D1248961011%26s%3Dtoys-and-games%26sprefix%3Dtoys%252Caps%252C170%26sr%3D1-40-spons%26psc%3D1,7.0,28.4905,4.999999999999993
26,"Selieve Toys for 3-12 Year Old Boys Girls, Walkie Talkies for Kids 22 Channels 2 Way Radio Toy with Backlit LCD Flashlight, 3 Miles Range for Outside, Camping, Hiking",https://www.amazon.com/Selieve-Talkies-Channels-Backlit-Flashlight/dp/B07PZCQLJY/ref=sr_1_28?crid=23X2CHTW4649I&keywords=toys&qid=1651201763&refinements=p_72%3A1248963011&rnid=1248961011&s=toys-and-games&sprefix=toys%2Caps%2C170&sr=1-28,26691.0,24.99,0.0
132,LEGO Star Wars Death Star Trench Run Diorama 75329 Building Kit for Adults; Brick-Built Collectible for Display (665 Pieces),https://www.amazon.com/gp/slredirect/picassoRedirect.html/ref=pa_sp_mtf_toys-and-games_sr_pg4_1?ie=UTF8&adId=A042198915HTCMZCV35YV&qualifier=1651201791&id=7363364017280731&widgetName=sp_mtf&url=%2FLEGO-Diorama-Building-Brick-Built-Collectible%2Fdp%2FB09Q4F4VK4%2Fref%3Dsr_1_76_sspa%3Fcrid%3D23X2CHTW4649I%26keywords%3Dtoys%26qid%3D1651201791%26refinements%3Dp_72%253A1248963011%26rnid%3D1248961011%26s%3Dtoys-and-games%26sprefix%3Dtoys%252Caps%252C170%26sr%3D1-76-spons%26psc%3D1,1.0,59.99,0.0
27,"VTech Smart Shots Sports Center (Frustration Free Packaging) , Yellow",https://www.amazon.com/VTech-Sports-Center-Frustration-Packaging/dp/B01FVS6TGO/ref=sr_1_29?crid=23X2CHTW4649I&keywords=toys&qid=1651201763&refinements=p_72%3A1248963011&rnid=1248961011&s=toys-and-games&sprefix=toys%2Caps%2C170&sr=1-29,25262.0,44.99,0.0
23,"Osmo - Little Genius Starter Kit for Fire Tablet - 4 Educational Learning Games - Preschool Ages - Problem Solving, & Creativity - STEM Toy (Osmo Fire Tablet Base Included - Amazon Exclusive)",https://www.amazon.com/Osmo-Hands-Preschool-Creativity-Exclusive/dp/B0869Q3LD2/ref=sr_1_25?crid=23X2CHTW4649I&keywords=toys&qid=1651201763&refinements=p_72%3A1248963011&rnid=1248961011&s=toys-and-games&sprefix=toys%2Caps%2C170&sr=1-25,3771.0,79.99,0.0
31,"Splash Pad for Kids, Sprinkler for Kids, 65"" x 51"" Inflatable Baby Pool with Letters and Animals Summer Toys Gift for 3 4 5+ Years Old",https://www.amazon.com/gp/slredirect/picassoRedirect.html/ref=pa_sp_atf_next_toys-and-games_sr_pg2_1?ie=UTF8&adId=A00452462TCUEGDVB31OG&qualifier=1651201775&id=8260669810008671&widgetName=sp_atf_next&url=%2FFoayex-Sprinkler-Inflatable-Toddler-Backyard%2Fdp%2FB08S357H5Y%2Fref%3Dsr_1_25_sspa%3Fcrid%3D23X2CHTW4649I%26keywords%3Dtoys%26qid%3D1651201775%26refinements%3Dp_72%253A1248963011%26rnid%3D1248961011%26s%3Dtoys-and-games%26sprefix%3Dtoys%252Caps%252C170%26sr%3D1-25-spons%26psc%3D1,143.0,29.69,0.0
21,"VTech Sort and Discovery Activity Cube (Frustration Free Packaging), Pink",https://www.amazon.com/VTech-Discovery-Activity-Frustration-Packaging/dp/B07NRXSSWT/ref=sr_1_23?crid=23X2CHTW4649I&keywords=toys&qid=1651201763&refinements=p_72%3A1248963011&rnid=1248961011&s=toys-and-games&sprefix=toys%2Caps%2C170&sr=1-23,8209.0,33.69,0.0
33,"DIY Magnetic Balls and Rods Set Educational Magnet Building Blocks Magnets for Kids,STEM Toys,Magnetic Sticks Blocks 3D Magnet Toys Gift for Juniors,Toddlers,Boys & Girls 3 4 5 6 7 8 (36pcs)",https://www.amazon.com/gp/slredirect/picassoRedirect.html/ref=pa_sp_atf_next_toys-and-games_sr_pg2_1?ie=UTF8&adId=A00200222RP0S7E7EPYK6&qualifier=1651201775&id=8260669810008671&widgetName=sp_atf_next&url=%2FMagnetic-Educational-Building-Magnets-Toddlers%2Fdp%2FB09PG64YLF%2Fref%3Dsr_1_27_sspa%3Fcrid%3D23X2CHTW4649I%26keywords%3Dtoys%26qid%3D1651201775%26refinements%3Dp_72%253A1248963011%26rnid%3D1248961011%26s%3Dtoys-and-games%26sprefix%3Dtoys%252Caps%252C170%26sr%3D1-27-spons%26psc%3D1,43.0,24.99,0.0
123,Baby Piano Toy 6 to 12 Months Elephant Light Up Music Baby Toys for 6 9 12 18 Months Early Learning Educational Piano Keyboard Infant Toys Baby Girl Piano Toy Gift Toy for 1 Year Old Boys Girls,https://www.amazon.com/Elephant-Keyboard-Learning-Educational-Toddlers/dp/B08P5K9Y8Y/ref=sr_1_76?crid=23X2CHTW4649I&keywords=toys&qid=1651201791&refinements=p_72%3A1248963011&rnid=1248961011&s=toys-and-games&sprefix=toys%2Caps%2C170&sr=1-76,1163.0,16.99,0.0
88,"VTech Touch and Learn Activity Desk Deluxe, Pink",https://www.amazon.com/VTech-Touch-Learn-Activity-Deluxe/dp/B01CIHHW08/ref=sr_1_66?crid=23X2CHTW4649I&keywords=toys&qid=1651201784&refinements=p_72%3A1248963011&rnid=1248961011&s=toys-and-games&sprefix=toys%2Caps%2C170&sr=1-66,22430.0,62.85,0.0
19,ThinkFun Gravity Maze Marble Run Brain Game and STEM Toy for Boys and Girls Age 8 and Up – Toy of the Year Award Winner,https://www.amazon.com/ThinkFun-Gravity-Marble-Logic-Girls/dp/B00IUAAK2A/ref=sr_1_21?crid=23X2CHTW4649I&keywords=toys&qid=1651201763&refinements=p_72%3A1248963011&rnid=1248961011&s=toys-and-games&sprefix=toys%2Caps%2C170&sr=1-21,25955.0,29.99,0.0
133,Make Your Own DIY Bouncy Ball Craft Kit for Kids - Create Your Own Metallic & Light-up Crystal Balls STEM Science Birthday Party Favors Projects for Boys & Girls - Makes Up to 75 Balls - Ages 6+,https://www.amazon.com/gp/slredirect/picassoRedirect.html/ref=pa_sp_mtf_toys-and-games_sr_pg4_1?ie=UTF8&adId=A00183131IJ84H29QHQZV&qualifier=1651201791&id=7363364017280731&widgetName=sp_mtf&url=%2FCreative-Kids-Magic-Bouncy-Factory%2Fdp%2FB07V1JFFBZ%2Fref%3Dsr_1_77_sspa%3Fcrid%3D23X2CHTW4649I%26keywords%3Dtoys%26qid%3D1651201791%26refinements%3Dp_72%253A1248963011%26rnid%3D1248961011%26s%3Dtoys-and-games%26sprefix%3Dtoys%252Caps%252C170%26sr%3D1-77-spons%26psc%3D1,630.0,29.99,0.0
135,"Fire 7 Kids tablet, 7"" Display, ages 3-7, 16 GB, Purple Kid-Proof Case",https://www.amazon.com/Fire-7-Kids-Edition-Tablet/dp/B07H936BZT/ref=sr_1_79?crid=23X2CHTW4649I&keywords=toys&qid=1651201791&refinements=p_72%3A1248963011&rnid=1248961011&s=toys-and-games&sprefix=toys%2Caps%2C170&sr=1-79,225053.0,99.99,0.0
18,"LeapFrog Scout and Violet 100 Words Book (Amazon Exclusive), Purple",https://www.amazon.com/LeapFrog-Violet-Bilingual-Amazon-Exclusive/dp/B07BPZNM9G/ref=sr_1_20?crid=23X2CHTW4649I&keywords=toys&qid=1651201763&refinements=p_72%3A1248963011&rnid=1248961011&s=toys-and-games&sprefix=toys%2Caps%2C170&sr=1-20,100291.0,19.99,0.0
17,"Ride On Electric Bumper Car for Kids & Toddlers, 12V 2-Speed, Ages 1.5, 2, 3, 4, 5 Year Old Boys & Girls : Remote Control, Baby Bumping Toy Gifts Cars : Toys for 18 Months Toddler-5 Year Old Kid",https://www.amazon.com/Electric-Bumper-Toddlers-2-Speed-Girls/dp/B09BMC26P7/ref=sr_1_19?crid=23X2CHTW4649I&keywords=toys&qid=1651201763&refinements=p_72%3A1248963011&rnid=1248961011&s=toys-and-games&sprefix=toys%2Caps%2C170&sr=1-19,784.0,249.99,0.0
138,"VTech Baby Lil' Critters Shake and Wobble Busy Ball Amazon Exclusive, Purple",https://www.amazon.com/VTech-Critters-Wobble-Amazon-Exclusive/dp/B073VJZK44/ref=sr_1_82?crid=23X2CHTW4649I&keywords=toys&qid=1651201791&refinements=p_72%3A1248963011&rnid=1248961011&s=toys-and-games&sprefix=toys%2Caps%2C170&sr=1-82,5790.0,14.99,0.0
12,"TOMYOU 26"" Dart Board for Kids with 16 Sticky Balls, Double Sided Dinosaur Dart Board, Indoor Outdoor Party Games Toys, Birthday Toys Gift for Age 5 6 7 8 9 10 11 12 Year Old Boys Girls",https://www.amazon.com/gp/slredirect/picassoRedirect.html/ref=pa_sp_mtf_toys-and-games_sr_pg1_1?ie=UTF8&adId=A03700973K3VX5JSM3R9Q&url=%2FTOMYOU-Dart-Board-Kids-Christmas%2Fdp%2FB08D7964V3%2Fref%3Dsr_1_14_sspa%3Fcrid%3D23X2CHTW4649I%26keywords%3Dtoys%26qid%3D1651201763%26refinements%3Dp_72%253A1248963011%26rnid%3D1248961011%26s%3Dtoys-and-games%26sprefix%3Dtoys%252Caps%252C170%26sr%3D1-14-spons%26psc%3D1&qualifier=1651201763&id=6309865353461707&widgetName=sp_mtf,991.0,17.98,0.0
11,"Kids Drawing Writing Board Doodle Pad, DELLAN 10 Inches LCD Coloring Screen Tablet for Toddlers, Erasable Toddler Educational Toys for Age 3 4 5 6 7 10 Year Old (Light Pink)",https://www.amazon.com/gp/slredirect/picassoRedirect.html/ref=pa_sp_mtf_toys-and-games_sr_pg1_1?ie=UTF8&adId=A0169232395KG4TLDWXUU&url=%2FDELLAN-Coloring-Toddlers-Erasable-Educational%2Fdp%2FB09MM5LBCQ%2Fref%3Dsr_1_13_sspa%3Fcrid%3D23X2CHTW4649I%26keywords%3Dtoys%26qid%3D1651201763%26refinements%3Dp_72%253A1248963011%26rnid%3D1248961011%26s%3Dtoys-and-games%26sprefix%3Dtoys%252Caps%252C170%26sr%3D1-13-spons%26psc%3D1&qualifier=1651201763&id=6309865353461707&widgetName=sp_mtf,29.0,11.99,0.0
2,Pop it Pink Ombre Cupcake Fidget Toy Girls and Boys Gift,https://www.amazon.com/gp/slredirect/picassoRedirect.html/ref=pa_sp_atf_toys-and-games_sr_pg1_1?ie=UTF8&adId=A056899914ULVVES8EN3S&url=%2FPink-Ombre-Cupcake-Fidget-Girls%2Fdp%2FB09WH37MH4%2Fref%3Dsr_1_3_sspa%3Fcrid%3D23X2CHTW4649I%26keywords%3Dtoys%26qid%3D1651201763%26refinements%3Dp_72%253A1248963011%26rnid%3D1248961011%26s%3Dtoys-and-games%26sprefix%3Dtoys%252Caps%252C170%26sr%3D1-3-spons%26psc%3D1&qualifier=1651201763&id=6309865353461707&widgetName=sp_atf,1.0,7.99,0.0
143,"The Original Slinky Walking Spring Toy, Metal Slinky, Fidget Toys, Party Favors and Gifts, Toys for 5 Year Old Girls and Boys, by Just Play",https://www.amazon.com/Slinky-60100-Original-Brand/dp/B00000IZKX/ref=sr_1_87?crid=23X2CHTW4649I&keywords=toys&qid=1651201791&refinements=p_72%3A1248963011&rnid=1248961011&s=toys-and-games&sprefix=toys%2Caps%2C170&sr=1-87,23933.0,3.5,0.0
144,LEGO Speed Champions Aston Martin Valkyrie AMR Pro and Aston Martin Vantage GT3 76910 Building Kit for Kids Aged 9+ (592 Pieces),https://www.amazon.com/gp/slredirect/picassoRedirect.html/ref=pa_sp_btf_toys-and-games_sr_pg4_1?ie=UTF8&adId=A03527292PN9WQWPOYRN1&qualifier=1651201791&id=7363364017280731&widgetName=sp_btf&url=%2FLEGO-Champions-Valkyrie-Vantage-Building%2Fdp%2FB09JKXFCZY%2Fref%3Dsr_1_88_sspa%3Fcrid%3D23X2CHTW4649I%26keywords%3Dtoys%26qid%3D1651201791%26refinements%3Dp_72%253A1248963011%26rnid%3D1248961011%26s%3Dtoys-and-games%26sprefix%3Dtoys%252Caps%252C170%26sr%3D1-88-spons%26psc%3D1,65.0,39.97,0.0
145,"Dinosaur Toy Truck for Kids 3-7 with Flash Light, Music & Roaring, 10 in 1 Dinosaur Toys for Boys and Girls, 3 Pull Back Dinosaur Cars, Birthday Gifts for Boys Girls Age 3 4 5 6 7 8 Year Old",https://www.amazon.com/gp/slredirect/picassoRedirect.html/ref=pa_sp_btf_toys-and-games_sr_pg4_1?ie=UTF8&adId=A07149962PHLH8JXYFEX7&qualifier=1651201791&id=7363364017280731&widgetName=sp_btf&url=%2FMoonsteps-Dinosaur-Roaring-Transport-Birthday%2Fdp%2FB09HBZLY2T%2Fref%3Dsr_1_89_sspa%3Fcrid%3D23X2CHTW4649I%26keywords%3Dtoys%26qid%3D1651201791%26refinements%3Dp_72%253A1248963011%26rnid%3D1248961011%26s%3Dtoys-and-games%26sprefix%3Dtoys%252Caps%252C170%26sr%3D1-89-spons%26psc%3D1,78.0,24.99,0.0
122,"Sprinkler for Kids, 68"" Splash Pad for Kids Outdoor Water Toys Gifts for 3-12 Year Old Boys Girls, Kids Sprinklers for Outside, Backyard Summer Water Park Baby Toddler Pool",https://www.amazon.com/gp/slredirect/picassoRedirect.html/ref=pa_sp_atf_next_toys-and-games_sr_pg4_1?ie=UTF8&adId=A0718732222WHU0XJD2XA&url=%2FHotdor-Sprinkle-Sprinkler-Outdoor-Children%2Fdp%2FB07SBSXNXN%2Fref%3Dsr_1_75_sspa%3Fcrid%3D23X2CHTW4649I%26keywords%3Dtoys%26qid%3D1651201791%26refinements%3Dp_72%253A1248963011%26rnid%3D1248961011%26s%3Dtoys-and-games%26sprefix%3Dtoys%252Caps%252C170%26sr%3D1-75-spons%26psc%3D1&qualifier=1651201791&id=7363364017280731&widgetName=sp_atf_next,1953.0,23.99,0.0
118,"Dinosaur Toy Truck for Kids 3-7 with Flash Light, Music & Roaring, 10 in 1 Dinosaur Toys for Boys and Girls, 3 Pull Back Dinosaur Cars, Birthday Gifts for Boys Girls Age 3 4 5 6 7 8 Year Old",https://www.amazon.com/gp/slredirect/picassoRedirect.html/ref=pa_sp_btf_toys-and-games_sr_pg4_1?ie=UTF8&adId=A07149962PHLH8JXYFEX7&qualifier=1651201791&id=7363364017280731&widgetName=sp_btf&url=%2FMoonsteps-Dinosaur-Roaring-Transport-Birthday%2Fdp%2FB09HBZLY2T%2Fref%3Dsr_1_89_sspa%3Fcrid%3D23X2CHTW4649I%26keywords%3Dtoys%26qid%3D1651201791%26refinements%3Dp_72%253A1248963011%26rnid%3D1248961011%26s%3Dtoys-and-games%26sprefix%3Dtoys%252Caps%252C170%26sr%3D1-89-spons%26psc%3D1,78.0,24.99,0.0
120,"BATURU Splash Pads for Toddlers, 68"" Splash Pad for Outside, PVC Material Baby Splash Pad for Outdoor Toys, Sprinkler for Kids Summer Toys",https://www.amazon.com/gp/slredirect/picassoRedirect.html/ref=pa_sp_atf_next_toys-and-games_sr_pg4_1?ie=UTF8&adId=A06858001P5CFWD8SQCTB&url=%2FBATURU-Toddlers-Backyard-Sprinklers-Outside%2Fdp%2FB083S533X7%2Fref%3Dsr_1_73_sspa%3Fcrid%3D23X2CHTW4649I%26keywords%3Dtoys%26qid%3D1651201791%26refinements%3Dp_72%253A1248963011%26rnid%3D1248961011%26s%3Dtoys-and-games%26sprefix%3Dtoys%252Caps%252C170%26sr%3D1-73-spons%26psc%3D1&qualifier=1651201791&id=7363364017280731&widgetName=sp_atf_next,1204.0,22.98,0.0
119,"Paw Patrol Marshall - Robotic Build-A-Bot Paw Patrol Toys. Paw Patrol Toys for 4 Year Old Boys, Toys for 4 Year Old Girls, and Above - 20 Piece Stem Educational Toys for Kids Ages 4-10",https://www.amazon.com/gp/slredirect/picassoRedirect.html/ref=pa_sp_btf_toys-and-games_sr_pg4_1?ie=UTF8&adId=A0230415GIR9GGFHR548&qualifier=1651201791&id=7363364017280731&widgetName=sp_btf&url=%2FPatrol-Marshall-Toys-Robots-Kids%2Fdp%2FB08BC445V5%2Fref%3Dsr_1_90_sspa%3Fcrid%3D23X2CHTW4649I%26keywords%3Dtoys%26qid%3D1651201791%26refinements%3Dp_72%253A1248963011%26rnid%3D1248961011%26s%3Dtoys-and-games%26sprefix%3Dtoys%252Caps%252C170%26sr%3D1-90-spons%26psc%3D1%26smid%3DA3H0ODN40QXVS9,2163.0,34.99,0.0
81,"Dinosaur Toys Toddler Boy Toys: Dinosaur Toys for Kids 3-5,Toy Cars for 1 2 3 4 Year Old Boys Girls Birthday Gifts, Dino Toddler Toys Age 2-4, Baby Toys 12 18 Months",https://www.amazon.com/Niskite-Dinosaur-Toddler-Birthday-Presents/dp/B081X6XY82/ref=sr_1_59?crid=23X2CHTW4649I&keywords=toys&qid=1651201784&refinements=p_72%3A1248963011&rnid=1248961011&s=toys-and-games&sprefix=toys%2Caps%2C170&sr=1-59,7183.0,14.95,0.0
93,"BATURU Splash Pads for Toddlers, 68"" Splash Pad for Outside, PVC Material Baby Splash Pad for Outdoor Toys, Sprinkler for Kids Summer Toys",https://www.amazon.com/gp/slredirect/picassoRedirect.html/ref=pa_sp_atf_next_toys-and-games_sr_pg4_1?ie=UTF8&adId=A06858001P5CFWD8SQCTB&url=%2FBATURU-Toddlers-Backyard-Sprinklers-Outside%2Fdp%2FB083S533X7%2Fref%3Dsr_1_73_sspa%3Fcrid%3D23X2CHTW4649I%26keywords%3Dtoys%26qid%3D1651201791%26refinements%3Dp_72%253A1248963011%26rnid%3D1248961011%26s%3Dtoys-and-games%26sprefix%3Dtoys%252Caps%252C170%26sr%3D1-73-spons%26psc%3D1&qualifier=1651201791&id=7363364017280731&widgetName=sp_atf_next,1204.0,22.98,0.0
78,"BYJU'S - Learn Alongside Disney & Pixar Characters, Magic Workbooks, Premium Edition - 2nd Grade Standards Aligned (Ages 6-8) - Multiplication and Division, Grammar, Writing & More - Works with iPad",https://www.amazon.com/gp/slredirect/picassoRedirect.html/ref=pa_sp_mtf_toys-and-games_sr_pg3_1?ie=UTF8&adId=A07173813M6RKFDSWVN69&qualifier=1651201784&id=3724238908503868&widgetName=sp_mtf&url=%2FBYJUS-Magic-Workbooks-Characters-Reading-Multiplication%2Fdp%2FB0952Z219J%2Fref%3Dsr_1_56_sspa%3Fcrid%3D23X2CHTW4649I%26keywords%3Dtoys%26qid%3D1651201784%26refinements%3Dp_72%253A1248963011%26rnid%3D1248961011%26s%3Dtoys-and-games%26sprefix%3Dtoys%252Caps%252C170%26sr%3D1-56-spons%26psc%3D1,328.0,199.99,0.0
95,"Sprinkler for Kids, 68"" Splash Pad for Kids Outdoor Water Toys Gifts for 3-12 Year Old Boys Girls, Kids Sprinklers for Outside, Backyard Summer Water Park Baby Toddler Pool",https://www.amazon.com/gp/slredirect/picassoRedirect.html/ref=pa_sp_atf_next_toys-and-games_sr_pg4_1?ie=UTF8&adId=A0718732222WHU0XJD2XA&url=%2FHotdor-Sprinkle-Sprinkler-Outdoor-Children%2Fdp%2FB07SBSXNXN%2Fref%3Dsr_1_75_sspa%3Fcrid%3D23X2CHTW4649I%26keywords%3Dtoys%26qid%3D1651201791%26refinements%3Dp_72%253A1248963011%26rnid%3D1248961011%26s%3Dtoys-and-games%26sprefix%3Dtoys%252Caps%252C170%26sr%3D1-75-spons%26psc%3D1&qualifier=1651201791&id=7363364017280731&widgetName=sp_atf_next,1953.0,23.99,0.0
96,Baby Piano Toy 6 to 12 Months Elephant Light Up Music Baby Toys for 6 9 12 18 Months Early Learning Educational Piano Keyboard Infant Toys Baby Girl Piano Toy Gift Toy for 1 Year Old Boys Girls,https://www.amazon.com/Elephant-Keyboard-Learning-Educational-Toddlers/dp/B08P5K9Y8Y/ref=sr_1_76?crid=23X2CHTW4649I&keywords=toys&qid=1651201791&refinements=p_72%3A1248963011&rnid=1248961011&s=toys-and-games&sprefix=toys%2Caps%2C170&sr=1-76,1163.0,16.99,0.0
74,Flying Toy Ball Infrared Induction RC Flying Toy Built-in LED Light Disco Helicopter Shining Colorful Flying Drone Indoor and Outdoor Games Toys for 2 3 4 5 6 7 8 9 10 Year Old Boys and Girls,https://www.amazon.com/Infrared-Induction-Helicopter-Shining-Colorful/dp/B07SJKW984/ref=sr_1_52?crid=23X2CHTW4649I&keywords=toys&qid=1651201784&refinements=p_72%3A1248963011&rnid=1248961011&s=toys-and-games&sprefix=toys%2Caps%2C170&sr=1-52,11919.0,15.99,0.0
1,Osmo - Super Studio Disney Frozen 2 - Ages 5-11 - Learn to Draw - STEM Toy - For iPad or Fire Tablet (Osmo Base Required),https://www.amazon.com/gp/slredirect/picassoRedirect.html/ref=pa_sp_atf_toys-and-games_sr_pg1_1?ie=UTF8&adId=A0366122AM1FPLAQONDY&url=%2FOsmo-Studio-Disney-Favorites-Required%2Fdp%2FB07PY4QTN9%2Fref%3Dsr_1_2_sspa%3Fcrid%3D23X2CHTW4649I%26keywords%3Dtoys%26qid%3D1651201763%26refinements%3Dp_72%253A1248963011%26rnid%3D1248961011%26s%3Dtoys-and-games%26sprefix%3Dtoys%252Caps%252C170%26sr%3D1-2-spons%26psc%3D1&qualifier=1651201763&id=6309865353461707&widgetName=sp_atf,4333.0,29.99,0.0
68,VTech Learn and Discover Pretty Party Playset,https://www.amazon.com/VTech-Learn-Discover-Pretty-Playset/dp/B00K89KU80/ref=sr_1_56?crid=23X2CHTW4649I&keywords=toys&qid=1651201784&refinements=p_72%3A1248963011&rnid=1248961011&s=toys-and-games&sprefix=toys%2Caps%2C170&sr=1-56,8407.0,19.99,0.0
67,"Kindi Kids Snack Time Friends - Pre-School Play Doll, Marsha Mello - for Ages 3+ | Changeable Clothes and Removable Shoes - Fun Snack-Time Play, for Imaginative Kids",https://www.amazon.com/Kindi-Kids-Snack-Friends-Pre-School/dp/B07NSTW7BT/ref=sr_1_55?crid=23X2CHTW4649I&keywords=toys&qid=1651201784&refinements=p_72%3A1248963011&rnid=1248961011&s=toys-and-games&sprefix=toys%2Caps%2C170&sr=1-55,9995.0,24.99,0.0
58,Playskool Busy Ball Popper Toy for Toddlers and Babies 9 Months and Up with 5 Balls (Amazon Exclusive),https://www.amazon.com/Playskool-Explore-Popper-Amazon-Exclusive/dp/B00U5U5VWM/ref=sr_1_53?crid=23X2CHTW4649I&keywords=toys&qid=1651201775&refinements=p_72%3A1248963011&rnid=1248961011&s=toys-and-games&sprefix=toys%2Caps%2C170&sr=1-53,11740.0,38.23,0.0
57,"Click N' Play Toy Puppy for Kids, 9 Piece Play Dog Set, Dog Toy for Girls 3-6 Years Old, Includes a Toy Dog Bed and Carrier",https://www.amazon.com/Click-Play-Accessories-Perfect-American/dp/B01LZH9VQU/ref=sr_1_52?crid=23X2CHTW4649I&keywords=toys&qid=1651201775&refinements=p_72%3A1248963011&rnid=1248961011&s=toys-and-games&sprefix=toys%2Caps%2C170&sr=1-52,6278.0,17.69,0.0
105,LEGO Star Wars Death Star Trench Run Diorama 75329 Building Kit for Adults; Brick-Built Collectible for Display (665 Pieces),https://www.amazon.com/gp/slredirect/picassoRedirect.html/ref=pa_sp_mtf_toys-and-games_sr_pg4_1?ie=UTF8&adId=A042198915HTCMZCV35YV&qualifier=1651201791&id=7363364017280731&widgetName=sp_mtf&url=%2FLEGO-Diorama-Building-Brick-Built-Collectible%2Fdp%2FB09Q4F4VK4%2Fref%3Dsr_1_76_sspa%3Fcrid%3D23X2CHTW4649I%26keywords%3Dtoys%26qid%3D1651201791%26refinements%3Dp_72%253A1248963011%26rnid%3D1248961011%26s%3Dtoys-and-games%26sprefix%3Dtoys%252Caps%252C170%26sr%3D1-76-spons%26psc%3D1,1.0,59.99,0.0
106,Make Your Own DIY Bouncy Ball Craft Kit for Kids - Create Your Own Metallic & Light-up Crystal Balls STEM Science Birthday Party Favors Projects for Boys & Girls - Makes Up to 75 Balls - Ages 6+,https://www.amazon.com/gp/slredirect/picassoRedirect.html/ref=pa_sp_mtf_toys-and-games_sr_pg4_1?ie=UTF8&adId=A00183131IJ84H29QHQZV&qualifier=1651201791&id=7363364017280731&widgetName=sp_mtf&url=%2FCreative-Kids-Magic-Bouncy-Factory%2Fdp%2FB07V1JFFBZ%2Fref%3Dsr_1_77_sspa%3Fcrid%3D23X2CHTW4649I%26keywords%3Dtoys%26qid%3D1651201791%26refinements%3Dp_72%253A1248963011%26rnid%3D1248961011%26s%3Dtoys-and-games%26sprefix%3Dtoys%252Caps%252C170%26sr%3D1-77-spons%26psc%3D1,630.0,29.99,0.0
54,VTech Pull and Sing Puppy,https://www.amazon.com/VTech-Pull-and-Sing-Puppy/dp/B01MQ3YP7Y/ref=sr_1_49?crid=23X2CHTW4649I&keywords=toys&qid=1651201775&refinements=p_72%3A1248963011&rnid=1248961011&s=toys-and-games&sprefix=toys%2Caps%2C170&sr=1-49,37916.0,27.72,0.0
108,"Fire 7 Kids tablet, 7"" Display, ages 3-7, 16 GB, Purple Kid-Proof Case",https://www.amazon.com/Fire-7-Kids-Edition-Tablet/dp/B07H936BZT/ref=sr_1_79?crid=23X2CHTW4649I&keywords=toys&qid=1651201791&refinements=p_72%3A1248963011&rnid=1248961011&s=toys-and-games&sprefix=toys%2Caps%2C170&sr=1-79,225053.0,99.99,0.0
43,"VTech Baby Lil' Critters Moosical Beads Amazon Exclusive, Purple",https://www.amazon.com/VTech-Critters-Moosical-Amazon-Exclusive/dp/B0148NCN9A/ref=sr_1_38?crid=23X2CHTW4649I&keywords=toys&qid=1651201775&refinements=p_72%3A1248963011&rnid=1248961011&s=toys-and-games&sprefix=toys%2Caps%2C170&sr=1-38,18102.0,14.65,0.0
111,"VTech Baby Lil' Critters Shake and Wobble Busy Ball Amazon Exclusive, Purple",https://www.amazon.com/VTech-Critters-Wobble-Amazon-Exclusive/dp/B073VJZK44/ref=sr_1_82?crid=23X2CHTW4649I&keywords=toys&qid=1651201791&refinements=p_72%3A1248963011&rnid=1248961011&s=toys-and-games&sprefix=toys%2Caps%2C170&sr=1-82,5790.0,14.99,0.0
42,"VTech Busy Learners Activity Cube, Purple",https://www.amazon.com/VTech-Busy-Learners-Activity-Purple/dp/B00OC5FU8Q/ref=sr_1_37?crid=23X2CHTW4649I&keywords=toys&qid=1651201775&refinements=p_72%3A1248963011&rnid=1248961011&s=toys-and-games&sprefix=toys%2Caps%2C170&sr=1-37,30215.0,19.99,0.0
41,"VTech Write & Learn Creative Center (Frustration Free Packaging) , White",https://www.amazon.com/VTech-Creative-Center-Frustration-Packaging/dp/B072JCG7XD/ref=sr_1_36?crid=23X2CHTW4649I&keywords=toys&qid=1651201775&refinements=p_72%3A1248963011&rnid=1248961011&s=toys-and-games&sprefix=toys%2Caps%2C170&sr=1-36,19573.0,18.62,0.0
39,Fisher-Price Rock-a-Stack and Baby's First Blocks Bundle,https://www.amazon.com/Fisher-Price-Stack-Blocks-Bundle-Exclusive/dp/B077H5G2Q3/ref=sr_1_34?crid=23X2CHTW4649I&keywords=toys&qid=1651201775&refinements=p_72%3A1248963011&rnid=1248961011&s=toys-and-games&sprefix=toys%2Caps%2C170&sr=1-34,19579.0,14.99,0.0
116,"The Original Slinky Walking Spring Toy, Metal Slinky, Fidget Toys, Party Favors and Gifts, Toys for 5 Year Old Girls and Boys, by Just Play",https://www.amazon.com/Slinky-60100-Original-Brand/dp/B00000IZKX/ref=sr_1_87?crid=23X2CHTW4649I&keywords=toys&qid=1651201791&refinements=p_72%3A1248963011&rnid=1248961011&s=toys-and-games&sprefix=toys%2Caps%2C170&sr=1-87,23933.0,3.5,0.0
117,LEGO Speed Champions Aston Martin Valkyrie AMR Pro and Aston Martin Vantage GT3 76910 Building Kit for Kids Aged 9+ (592 Pieces),https://www.amazon.com/gp/slredirect/picassoRedirect.html/ref=pa_sp_btf_toys-and-games_sr_pg4_1?ie=UTF8&adId=A03527292PN9WQWPOYRN1&qualifier=1651201791&id=7363364017280731&widgetName=sp_btf&url=%2FLEGO-Champions-Valkyrie-Vantage-Building%2Fdp%2FB09JKXFCZY%2Fref%3Dsr_1_88_sspa%3Fcrid%3D23X2CHTW4649I%26keywords%3Dtoys%26qid%3D1651201791%26refinements%3Dp_72%253A1248963011%26rnid%3D1248961011%26s%3Dtoys-and-games%26sprefix%3Dtoys%252Caps%252C170%26sr%3D1-88-spons%26psc%3D1,65.0,39.97,0.0
83,"TEUVO Pet Care Play Set Doctor Kit for Kids, 16 Pcs Doctor Pretend Play Vet Dog Grooming Toys Puppy Dog Carrier Feeding Dog Backpack Gifts for Girls Boys 3-7 Years Old",https://www.amazon.com/TEUVO-Pretend-Grooming-Carrier-Backpack/dp/B08P46JF4C/ref=sr_1_61?crid=23X2CHTW4649I&keywords=toys&qid=1651201784&refinements=p_72%3A1248963011&rnid=1248961011&s=toys-and-games&sprefix=toys%2Caps%2C170&sr=1-61,772.0,29.89,0.0
146,"Paw Patrol Marshall - Robotic Build-A-Bot Paw Patrol Toys. Paw Patrol Toys for 4 Year Old Boys, Toys for 4 Year Old Girls, and Above - 20 Piece Stem Educational Toys for Kids Ages 4-10",https://www.amazon.com/gp/slredirect/picassoRedirect.html/ref=pa_sp_btf_toys-and-games_sr_pg4_1?ie=UTF8&adId=A0230415GIR9GGFHR548&qualifier=1651201791&id=7363364017280731&widgetName=sp_btf&url=%2FPatrol-Marshall-Toys-Robots-Kids%2Fdp%2FB08BC445V5%2Fref%3Dsr_1_90_sspa%3Fcrid%3D23X2CHTW4649I%26keywords%3Dtoys%26qid%3D1651201791%26refinements%3Dp_72%253A1248963011%26rnid%3D1248961011%26s%3Dtoys-and-games%26sprefix%3Dtoys%252Caps%252C170%26sr%3D1-90-spons%26psc%3D1%26smid%3DA3H0ODN40QXVS9,2163.0,34.99,0.0
